[{"model": "admin.logentry", "pk": 1, "fields": {"action_time": "2021-06-08T15:26:31.640Z", "user": 1, "content_type": 7, "object_id": "1", "object_repr": "crypthome.example.com", "action_flag": 2, "change_message": "[{\"changed\": {\"fields\": [\"Domain name\", \"Display name\"]}}]"}}, {"model": "admin.logentry", "pk": 2, "fields": {"action_time": "2021-06-08T15:40:47.510Z", "user": 1, "content_type": 8, "object_id": "1", "object_repr": "francescosaponaro5@gmail.com", "action_flag": 2, "change_message": "[{\"changed\": {\"fields\": [\"Verified\", \"Primary\"]}}]"}}, {"model": "admin.logentry", "pk": 3, "fields": {"action_time": "2021-06-14T14:28:39.101Z", "user": 1, "content_type": 13, "object_id": "2", "object_repr": "Ethereum", "action_flag": 2, "change_message": "[{\"changed\": {\"fields\": [\"Symbol\", \"Price\", \"Price change\"]}}]"}}, {"model": "admin.logentry", "pk": 4, "fields": {"action_time": "2021-06-14T14:28:48.752Z", "user": 1, "content_type": 13, "object_id": "6", "object_repr": "Polkadot", "action_flag": 2, "change_message": "[{\"changed\": {\"fields\": [\"Symbol\"]}}]"}}, {"model": "admin.logentry", "pk": 5, "fields": {"action_time": "2021-06-14T14:28:56.855Z", "user": 1, "content_type": 13, "object_id": "5", "object_repr": "XRP", "action_flag": 2, "change_message": "[{\"changed\": {\"fields\": [\"Symbol\"]}}]"}}, {"model": "admin.logentry", "pk": 6, "fields": {"action_time": "2021-06-14T14:29:03.937Z", "user": 1, "content_type": 13, "object_id": "4", "object_repr": "Dogecoin", "action_flag": 2, "change_message": "[{\"changed\": {\"fields\": [\"Symbol\"]}}]"}}, {"model": "admin.logentry", "pk": 7, "fields": {"action_time": "2021-06-14T14:29:09.945Z", "user": 1, "content_type": 13, "object_id": "3", "object_repr": "Cardano", "action_flag": 2, "change_message": "[{\"changed\": {\"fields\": [\"Symbol\"]}}]"}}, {"model": "admin.logentry", "pk": 8, "fields": {"action_time": "2021-06-14T14:29:17.801Z", "user": 1, "content_type": 13, "object_id": "1", "object_repr": "Bitcoin", "action_flag": 2, "change_message": "[{\"changed\": {\"fields\": [\"Symbol\"]}}]"}}, {"model": "admin.logentry", "pk": 9, "fields": {"action_time": "2021-06-16T12:29:21.567Z", "user": 1, "content_type": 13, "object_id": "polkadot", "object_repr": "Polkadot", "action_flag": 2, "change_message": "[{\"changed\": {\"fields\": [\"Id\"]}}]"}}, {"model": "admin.logentry", "pk": 10, "fields": {"action_time": "2021-06-16T12:29:41.846Z", "user": 1, "content_type": 13, "object_id": "polkadot", "object_repr": "Polkadot", "action_flag": 3, "change_message": ""}}, {"model": "admin.logentry", "pk": 11, "fields": {"action_time": "2021-06-16T12:32:48.094Z", "user": 1, "content_type": 13, "object_id": "6", "object_repr": "Polkadot", "action_flag": 3, "change_message": ""}}, {"model": "admin.logentry", "pk": 12, "fields": {"action_time": "2021-06-16T12:32:48.124Z", "user": 1, "content_type": 13, "object_id": "5", "object_repr": "XRP", "action_flag": 3, "change_message": ""}}, {"model": "admin.logentry", "pk": 13, "fields": {"action_time": "2021-06-16T12:32:48.152Z", "user": 1, "content_type": 13, "object_id": "4", "object_repr": "Dogecoin", "action_flag": 3, "change_message": ""}}, {"model": "admin.logentry", "pk": 14, "fields": {"action_time": "2021-06-16T12:32:48.177Z", "user": 1, "content_type": 13, "object_id": "3", "object_repr": "Cardano", "action_flag": 3, "change_message": ""}}, {"model": "admin.logentry", "pk": 15, "fields": {"action_time": "2021-06-16T12:32:48.202Z", "user": 1, "content_type": 13, "object_id": "2", "object_repr": "Ethereum", "action_flag": 3, "change_message": ""}}, {"model": "admin.logentry", "pk": 16, "fields": {"action_time": "2021-06-16T12:32:48.226Z", "user": 1, "content_type": 13, "object_id": "1", "object_repr": "Bitcoin", "action_flag": 3, "change_message": ""}}, {"model": "admin.logentry", "pk": 17, "fields": {"action_time": "2021-06-28T16:00:39.931Z", "user": 1, "content_type": 15, "object_id": "1", "object_repr": "clothing", "action_flag": 1, "change_message": "[{\"added\": {}}]"}}, {"model": "admin.logentry", "pk": 18, "fields": {"action_time": "2021-06-28T16:00:56.532Z", "user": 1, "content_type": 15, "object_id": "2", "object_repr": "accessories", "action_flag": 1, "change_message": "[{\"added\": {}}]"}}, {"model": "admin.logentry", "pk": 19, "fields": {"action_time": "2021-06-28T16:01:16.854Z", "user": 1, "content_type": 15, "object_id": "3", "object_repr": "hoodies", "action_flag": 1, "change_message": "[{\"added\": {}}]"}}, {"model": "admin.logentry", "pk": 20, "fields": {"action_time": "2021-06-28T16:01:26.651Z", "user": 1, "content_type": 15, "object_id": "4", "object_repr": "shirts", "action_flag": 1, "change_message": "[{\"added\": {}}]"}}, {"model": "admin.logentry", "pk": 21, "fields": {"action_time": "2021-06-28T16:01:33.994Z", "user": 1, "content_type": 15, "object_id": "5", "object_repr": "hats", "action_flag": 1, "change_message": "[{\"added\": {}}]"}}, {"model": "admin.logentry", "pk": 22, "fields": {"action_time": "2021-06-28T16:01:53.838Z", "user": 1, "content_type": 15, "object_id": "6", "object_repr": "mugs", "action_flag": 1, "change_message": "[{\"added\": {}}]"}}, {"model": "admin.logentry", "pk": 23, "fields": {"action_time": "2021-06-28T16:02:02.097Z", "user": 1, "content_type": 15, "object_id": "7", "object_repr": "bags", "action_flag": 1, "change_message": "[{\"added\": {}}]"}}, {"model": "admin.logentry", "pk": 24, "fields": {"action_time": "2021-06-28T16:02:18.100Z", "user": 1, "content_type": 15, "object_id": "8", "object_repr": "phone_cases", "action_flag": 1, "change_message": "[{\"added\": {}}]"}}, {"model": "admin.logentry", "pk": 25, "fields": {"action_time": "2021-07-05T09:06:36.631Z", "user": 1, "content_type": 16, "object_id": "1", "object_repr": "Hoodie Bitcoin Miner", "action_flag": 1, "change_message": "[{\"added\": {}}]"}}, {"model": "admin.logentry", "pk": 26, "fields": {"action_time": "2021-07-05T09:13:36.467Z", "user": 1, "content_type": 16, "object_id": "1", "object_repr": "Hoodie Bitcoin Miner", "action_flag": 2, "change_message": "[{\"changed\": {\"fields\": [\"Rating\"]}}]"}}, {"model": "admin.logentry", "pk": 27, "fields": {"action_time": "2021-07-05T09:15:50.308Z", "user": 1, "content_type": 16, "object_id": "2", "object_repr": "Hoodie Bitcoin", "action_flag": 1, "change_message": "[{\"added\": {}}]"}}, {"model": "admin.logentry", "pk": 28, "fields": {"action_time": "2021-07-05T09:15:56.011Z", "user": 1, "content_type": 16, "object_id": "2", "object_repr": "Hoodie Bitcoin", "action_flag": 2, "change_message": "[]"}}, {"model": "admin.logentry", "pk": 29, "fields": {"action_time": "2021-07-05T09:16:07.397Z", "user": 1, "content_type": 16, "object_id": "1", "object_repr": "Hoodie Bitcoin Miner", "action_flag": 2, "change_message": "[]"}}, {"model": "admin.logentry", "pk": 30, "fields": {"action_time": "2021-07-05T09:18:19.955Z", "user": 1, "content_type": 16, "object_id": "3", "object_repr": "Ethereum Hoodie", "action_flag": 1, "change_message": "[{\"added\": {}}]"}}, {"model": "admin.logentry", "pk": 31, "fields": {"action_time": "2021-07-05T09:19:59.273Z", "user": 1, "content_type": 16, "object_id": "4", "object_repr": "Hoodie XRP", "action_flag": 1, "change_message": "[{\"added\": {}}]"}}, {"model": "admin.logentry", "pk": 32, "fields": {"action_time": "2021-07-05T09:20:14.971Z", "user": 1, "content_type": 16, "object_id": "3", "object_repr": "Hoodie Ethereum", "action_flag": 2, "change_message": "[{\"changed\": {\"fields\": [\"Name\"]}}]"}}, {"model": "admin.logentry", "pk": 33, "fields": {"action_time": "2021-07-05T09:22:59.632Z", "user": 1, "content_type": 16, "object_id": "5", "object_repr": "Hoodie Bitcoin PlanB", "action_flag": 1, "change_message": "[{\"added\": {}}]"}}, {"model": "admin.logentry", "pk": 34, "fields": {"action_time": "2021-07-05T09:24:06.263Z", "user": 1, "content_type": 15, "object_id": "4", "object_repr": "t-shirts", "action_flag": 2, "change_message": "[{\"changed\": {\"fields\": [\"Name\", \"Friendly name\"]}}]"}}, {"model": "admin.logentry", "pk": 35, "fields": {"action_time": "2021-07-05T09:27:05.939Z", "user": 1, "content_type": 16, "object_id": "6", "object_repr": "Hoodie Ethereum QR code", "action_flag": 1, "change_message": "[{\"added\": {}}]"}}, {"model": "admin.logentry", "pk": 36, "fields": {"action_time": "2021-07-05T09:28:23.578Z", "user": 1, "content_type": 16, "object_id": "7", "object_repr": "T-shirt Dogecoin", "action_flag": 1, "change_message": "[{\"added\": {}}]"}}, {"model": "admin.logentry", "pk": 37, "fields": {"action_time": "2021-07-05T09:29:28.891Z", "user": 1, "content_type": 16, "object_id": "8", "object_repr": "T-shirt Cardano", "action_flag": 1, "change_message": "[{\"added\": {}}]"}}, {"model": "admin.logentry", "pk": 38, "fields": {"action_time": "2021-07-05T09:30:51.420Z", "user": 1, "content_type": 16, "object_id": "9", "object_repr": "T-shirt Chainlink", "action_flag": 1, "change_message": "[{\"added\": {}}]"}}, {"model": "admin.logentry", "pk": 39, "fields": {"action_time": "2021-07-05T09:32:44.608Z", "user": 1, "content_type": 16, "object_id": "10", "object_repr": "T-shirt Bitcoin HODL", "action_flag": 1, "change_message": "[{\"added\": {}}]"}}, {"model": "admin.logentry", "pk": 40, "fields": {"action_time": "2021-07-05T09:34:13.498Z", "user": 1, "content_type": 16, "object_id": "11", "object_repr": "Beanie Cardano", "action_flag": 1, "change_message": "[{\"added\": {}}]"}}, {"model": "admin.logentry", "pk": 41, "fields": {"action_time": "2021-07-05T09:36:09.285Z", "user": 1, "content_type": 16, "object_id": "12", "object_repr": "Hat Monero", "action_flag": 1, "change_message": "[{\"added\": {}}]"}}, {"model": "admin.logentry", "pk": 42, "fields": {"action_time": "2021-07-05T09:37:03.830Z", "user": 1, "content_type": 16, "object_id": "13", "object_repr": "Hat XRP", "action_flag": 1, "change_message": "[{\"added\": {}}]"}}, {"model": "admin.logentry", "pk": 43, "fields": {"action_time": "2021-07-05T09:38:03.777Z", "user": 1, "content_type": 16, "object_id": "14", "object_repr": "Hat Bitcoin", "action_flag": 1, "change_message": "[{\"added\": {}}]"}}, {"model": "admin.logentry", "pk": 44, "fields": {"action_time": "2021-07-05T09:39:15.097Z", "user": 1, "content_type": 16, "object_id": "15", "object_repr": "Beanie Chainlink", "action_flag": 1, "change_message": "[{\"added\": {}}]"}}, {"model": "admin.logentry", "pk": 45, "fields": {"action_time": "2021-07-05T09:40:42.936Z", "user": 1, "content_type": 16, "object_id": "16", "object_repr": "Mug Bitcoin", "action_flag": 1, "change_message": "[{\"added\": {}}]"}}, {"model": "admin.logentry", "pk": 46, "fields": {"action_time": "2021-07-05T09:41:50.039Z", "user": 1, "content_type": 16, "object_id": "17", "object_repr": "Mug Ethereum", "action_flag": 1, "change_message": "[{\"added\": {}}]"}}, {"model": "admin.logentry", "pk": 47, "fields": {"action_time": "2021-07-05T09:41:55.028Z", "user": 1, "content_type": 16, "object_id": "16", "object_repr": "Mug Bitcoin", "action_flag": 2, "change_message": "[]"}}, {"model": "admin.logentry", "pk": 48, "fields": {"action_time": "2021-07-05T09:42:50.769Z", "user": 1, "content_type": 16, "object_id": "18", "object_repr": "Mug Chainlink", "action_flag": 1, "change_message": "[{\"added\": {}}]"}}, {"model": "admin.logentry", "pk": 49, "fields": {"action_time": "2021-07-05T09:43:38.619Z", "user": 1, "content_type": 16, "object_id": "19", "object_repr": "Mug XRP", "action_flag": 1, "change_message": "[{\"added\": {}}]"}}, {"model": "admin.logentry", "pk": 50, "fields": {"action_time": "2021-07-05T09:44:59.392Z", "user": 1, "content_type": 16, "object_id": "20", "object_repr": "Mug Bitcoin HODL", "action_flag": 1, "change_message": "[{\"added\": {}}]"}}, {"model": "admin.logentry", "pk": 51, "fields": {"action_time": "2021-07-05T09:47:19.151Z", "user": 1, "content_type": 16, "object_id": "21", "object_repr": "Phone case \"To the moon\"", "action_flag": 1, "change_message": "[{\"added\": {}}]"}}, {"model": "admin.logentry", "pk": 52, "fields": {"action_time": "2021-07-05T09:48:49.130Z", "user": 1, "content_type": 16, "object_id": "22", "object_repr": "Phone case Bitcoin", "action_flag": 1, "change_message": "[{\"added\": {}}]"}}, {"model": "admin.logentry", "pk": 53, "fields": {"action_time": "2021-07-05T09:49:56.521Z", "user": 1, "content_type": 16, "object_id": "23", "object_repr": "Phone case Ethereum", "action_flag": 1, "change_message": "[{\"added\": {}}]"}}, {"model": "admin.logentry", "pk": 54, "fields": {"action_time": "2021-07-05T09:51:02.747Z", "user": 1, "content_type": 16, "object_id": "24", "object_repr": "Phone case Chainlink", "action_flag": 1, "change_message": "[{\"added\": {}}]"}}, {"model": "admin.logentry", "pk": 55, "fields": {"action_time": "2021-07-05T09:52:01.011Z", "user": 1, "content_type": 16, "object_id": "25", "object_repr": "Phone case Bitcoin Miner", "action_flag": 1, "change_message": "[{\"added\": {}}]"}}, {"model": "admin.logentry", "pk": 56, "fields": {"action_time": "2021-07-05T09:58:07.027Z", "user": 1, "content_type": 16, "object_id": "26", "object_repr": "Bag Bitcoin", "action_flag": 1, "change_message": "[{\"added\": {}}]"}}, {"model": "admin.logentry", "pk": 57, "fields": {"action_time": "2021-07-05T09:58:57.223Z", "user": 1, "content_type": 16, "object_id": "27", "object_repr": "Bag XRP", "action_flag": 1, "change_message": "[{\"added\": {}}]"}}, {"model": "admin.logentry", "pk": 58, "fields": {"action_time": "2021-07-05T09:59:41.309Z", "user": 1, "content_type": 16, "object_id": "28", "object_repr": "Bag Chainlink", "action_flag": 1, "change_message": "[{\"added\": {}}]"}}, {"model": "admin.logentry", "pk": 59, "fields": {"action_time": "2021-07-05T10:00:19.031Z", "user": 1, "content_type": 16, "object_id": "29", "object_repr": "Bag Monero", "action_flag": 1, "change_message": "[{\"added\": {}}]"}}, {"model": "admin.logentry", "pk": 60, "fields": {"action_time": "2021-07-05T10:02:10.525Z", "user": 1, "content_type": 16, "object_id": "30", "object_repr": "Waist Bag Bitcoin", "action_flag": 1, "change_message": "[{\"added\": {}}]"}}, {"model": "admin.logentry", "pk": 61, "fields": {"action_time": "2021-07-05T10:08:37.523Z", "user": 1, "content_type": 16, "object_id": "1", "object_repr": "Hoodie Bitcoin Miner", "action_flag": 2, "change_message": "[{\"changed\": {\"fields\": [\"Sku\"]}}]"}}, {"model": "admin.logentry", "pk": 62, "fields": {"action_time": "2021-07-05T10:08:54.979Z", "user": 1, "content_type": 16, "object_id": "2", "object_repr": "Hoodie Bitcoin", "action_flag": 2, "change_message": "[{\"changed\": {\"fields\": [\"Sku\"]}}]"}}, {"model": "admin.logentry", "pk": 63, "fields": {"action_time": "2021-07-05T10:09:16.326Z", "user": 1, "content_type": 16, "object_id": "3", "object_repr": "Hoodie Ethereum", "action_flag": 2, "change_message": "[{\"changed\": {\"fields\": [\"Sku\"]}}]"}}, {"model": "admin.logentry", "pk": 64, "fields": {"action_time": "2021-07-05T10:09:32.173Z", "user": 1, "content_type": 16, "object_id": "4", "object_repr": "Hoodie XRP", "action_flag": 2, "change_message": "[{\"changed\": {\"fields\": [\"Sku\"]}}]"}}, {"model": "admin.logentry", "pk": 65, "fields": {"action_time": "2021-07-05T10:09:49.089Z", "user": 1, "content_type": 16, "object_id": "5", "object_repr": "Hoodie Bitcoin PlanB", "action_flag": 2, "change_message": "[{\"changed\": {\"fields\": [\"Sku\"]}}]"}}, {"model": "admin.logentry", "pk": 66, "fields": {"action_time": "2021-07-05T10:10:01.671Z", "user": 1, "content_type": 16, "object_id": "6", "object_repr": "Hoodie Ethereum QR code", "action_flag": 2, "change_message": "[{\"changed\": {\"fields\": [\"Sku\"]}}]"}}, {"model": "admin.logentry", "pk": 67, "fields": {"action_time": "2021-07-05T10:10:47.044Z", "user": 1, "content_type": 16, "object_id": "7", "object_repr": "T-shirt Dogecoin", "action_flag": 2, "change_message": "[{\"changed\": {\"fields\": [\"Sku\"]}}]"}}, {"model": "admin.logentry", "pk": 68, "fields": {"action_time": "2021-07-05T10:11:08.471Z", "user": 1, "content_type": 16, "object_id": "8", "object_repr": "T-shirt Cardano", "action_flag": 2, "change_message": "[{\"changed\": {\"fields\": [\"Sku\"]}}]"}}, {"model": "admin.logentry", "pk": 69, "fields": {"action_time": "2021-07-05T10:11:21.174Z", "user": 1, "content_type": 16, "object_id": "9", "object_repr": "T-shirt Chainlink", "action_flag": 2, "change_message": "[{\"changed\": {\"fields\": [\"Sku\"]}}]"}}, {"model": "admin.logentry", "pk": 70, "fields": {"action_time": "2021-07-05T10:11:37.533Z", "user": 1, "content_type": 16, "object_id": "10", "object_repr": "T-shirt Bitcoin HODL", "action_flag": 2, "change_message": "[{\"changed\": {\"fields\": [\"Sku\"]}}]"}}, {"model": "admin.logentry", "pk": 71, "fields": {"action_time": "2021-07-05T10:12:23.171Z", "user": 1, "content_type": 16, "object_id": "11", "object_repr": "Beanie Cardano", "action_flag": 2, "change_message": "[{\"changed\": {\"fields\": [\"Sku\"]}}]"}}, {"model": "admin.logentry", "pk": 72, "fields": {"action_time": "2021-07-05T10:12:37.839Z", "user": 1, "content_type": 16, "object_id": "12", "object_repr": "Hat Monero", "action_flag": 2, "change_message": "[{\"changed\": {\"fields\": [\"Sku\"]}}]"}}, {"model": "admin.logentry", "pk": 73, "fields": {"action_time": "2021-07-05T10:12:48.853Z", "user": 1, "content_type": 16, "object_id": "13", "object_repr": "Hat XRP", "action_flag": 2, "change_message": "[{\"changed\": {\"fields\": [\"Sku\"]}}]"}}, {"model": "admin.logentry", "pk": 74, "fields": {"action_time": "2021-07-05T10:13:03.569Z", "user": 1, "content_type": 16, "object_id": "14", "object_repr": "Hat Bitcoin", "action_flag": 2, "change_message": "[{\"changed\": {\"fields\": [\"Sku\"]}}]"}}, {"model": "admin.logentry", "pk": 75, "fields": {"action_time": "2021-07-05T10:13:16.673Z", "user": 1, "content_type": 16, "object_id": "15", "object_repr": "Beanie Chainlink", "action_flag": 2, "change_message": "[{\"changed\": {\"fields\": [\"Sku\"]}}]"}}, {"model": "admin.logentry", "pk": 76, "fields": {"action_time": "2021-07-05T10:13:45.764Z", "user": 1, "content_type": 16, "object_id": "16", "object_repr": "Mug Bitcoin", "action_flag": 2, "change_message": "[{\"changed\": {\"fields\": [\"Sku\"]}}]"}}, {"model": "admin.logentry", "pk": 77, "fields": {"action_time": "2021-07-05T10:13:57.416Z", "user": 1, "content_type": 16, "object_id": "17", "object_repr": "Mug Ethereum", "action_flag": 2, "change_message": "[{\"changed\": {\"fields\": [\"Sku\"]}}]"}}, {"model": "admin.logentry", "pk": 78, "fields": {"action_time": "2021-07-05T10:14:07.315Z", "user": 1, "content_type": 16, "object_id": "18", "object_repr": "Mug Chainlink", "action_flag": 2, "change_message": "[{\"changed\": {\"fields\": [\"Sku\"]}}]"}}, {"model": "admin.logentry", "pk": 79, "fields": {"action_time": "2021-07-05T10:14:18.757Z", "user": 1, "content_type": 16, "object_id": "19", "object_repr": "Mug XRP", "action_flag": 2, "change_message": "[{\"changed\": {\"fields\": [\"Sku\"]}}]"}}, {"model": "admin.logentry", "pk": 80, "fields": {"action_time": "2021-07-05T10:14:41.810Z", "user": 1, "content_type": 16, "object_id": "20", "object_repr": "Mug Bitcoin HODL", "action_flag": 2, "change_message": "[{\"changed\": {\"fields\": [\"Sku\"]}}]"}}, {"model": "admin.logentry", "pk": 81, "fields": {"action_time": "2021-07-05T10:15:36.891Z", "user": 1, "content_type": 16, "object_id": "21", "object_repr": "Phone case \"To the moon\"", "action_flag": 2, "change_message": "[{\"changed\": {\"fields\": [\"Sku\"]}}]"}}, {"model": "admin.logentry", "pk": 82, "fields": {"action_time": "2021-07-05T10:15:54.347Z", "user": 1, "content_type": 16, "object_id": "22", "object_repr": "Phone case Bitcoin", "action_flag": 2, "change_message": "[{\"changed\": {\"fields\": [\"Sku\"]}}]"}}, {"model": "admin.logentry", "pk": 83, "fields": {"action_time": "2021-07-05T10:16:04.370Z", "user": 1, "content_type": 16, "object_id": "23", "object_repr": "Phone case Ethereum", "action_flag": 2, "change_message": "[{\"changed\": {\"fields\": [\"Sku\"]}}]"}}, {"model": "admin.logentry", "pk": 84, "fields": {"action_time": "2021-07-05T10:16:13.387Z", "user": 1, "content_type": 16, "object_id": "24", "object_repr": "Phone case Chainlink", "action_flag": 2, "change_message": "[{\"changed\": {\"fields\": [\"Sku\"]}}]"}}, {"model": "admin.logentry", "pk": 85, "fields": {"action_time": "2021-07-05T10:16:31.337Z", "user": 1, "content_type": 16, "object_id": "25", "object_repr": "Phone case Bitcoin Miner", "action_flag": 2, "change_message": "[{\"changed\": {\"fields\": [\"Sku\"]}}]"}}, {"model": "admin.logentry", "pk": 86, "fields": {"action_time": "2021-07-05T10:17:15.107Z", "user": 1, "content_type": 16, "object_id": "26", "object_repr": "Bag Bitcoin", "action_flag": 2, "change_message": "[{\"changed\": {\"fields\": [\"Sku\"]}}]"}}, {"model": "admin.logentry", "pk": 87, "fields": {"action_time": "2021-07-05T10:17:24.054Z", "user": 1, "content_type": 16, "object_id": "27", "object_repr": "Bag XRP", "action_flag": 2, "change_message": "[{\"changed\": {\"fields\": [\"Sku\"]}}]"}}, {"model": "admin.logentry", "pk": 88, "fields": {"action_time": "2021-07-05T10:17:32.165Z", "user": 1, "content_type": 16, "object_id": "28", "object_repr": "Bag Chainlink", "action_flag": 2, "change_message": "[{\"changed\": {\"fields\": [\"Sku\"]}}]"}}, {"model": "admin.logentry", "pk": 89, "fields": {"action_time": "2021-07-05T10:17:39.548Z", "user": 1, "content_type": 16, "object_id": "29", "object_repr": "Bag Monero", "action_flag": 2, "change_message": "[{\"changed\": {\"fields\": [\"Sku\"]}}]"}}, {"model": "admin.logentry", "pk": 90, "fields": {"action_time": "2021-07-05T10:17:50.080Z", "user": 1, "content_type": 16, "object_id": "30", "object_repr": "Waist Bag Bitcoin", "action_flag": 2, "change_message": "[{\"changed\": {\"fields\": [\"Sku\"]}}]"}}, {"model": "admin.logentry", "pk": 91, "fields": {"action_time": "2021-07-25T13:09:25.696Z", "user": 1, "content_type": 17, "object_id": "5", "object_repr": "40789A92D0E44940B625CB3C2D86D1C3", "action_flag": 2, "change_message": "[{\"deleted\": {\"name\": \"order line item\", \"object\": \"SKU Hat/Mon/Bla on order 40789A92D0E44940B625CB3C2D86D1C3\"}}]"}}, {"model": "admin.logentry", "pk": 92, "fields": {"action_time": "2021-07-25T13:09:45.038Z", "user": 1, "content_type": 17, "object_id": "5", "object_repr": "40789A92D0E44940B625CB3C2D86D1C3", "action_flag": 2, "change_message": "[{\"deleted\": {\"name\": \"order line item\", \"object\": \"SKU T-s/Car/Whi on order 40789A92D0E44940B625CB3C2D86D1C3\"}}]"}}, {"model": "admin.logentry", "pk": 93, "fields": {"action_time": "2021-07-29T12:56:46.855Z", "user": 1, "content_type": 4, "object_id": "1", "object_repr": "francescosaponaro5@gmail.com", "action_flag": 2, "change_message": "[{\"changed\": {\"fields\": [\"Username\", \"First name\", \"Last name\"]}}]"}}, {"model": "admin.logentry", "pk": 94, "fields": {"action_time": "2021-07-31T19:23:42.736Z", "user": 1, "content_type": 16, "object_id": "7", "object_repr": "T-shirt Dogecoin", "action_flag": 3, "change_message": ""}}, {"model": "admin.logentry", "pk": 95, "fields": {"action_time": "2021-07-31T19:25:59.722Z", "user": 1, "content_type": 16, "object_id": "31", "object_repr": "T-shirt Dogecoin", "action_flag": 1, "change_message": "[{\"added\": {}}]"}}, {"model": "admin.logentry", "pk": 96, "fields": {"action_time": "2021-08-02T19:00:41.586Z", "user": 1, "content_type": 21, "object_id": "1", "object_repr": "F2E2AEAEEC3B4BA7B02F66583A4C531E", "action_flag": 3, "change_message": ""}}, {"model": "admin.logentry", "pk": 97, "fields": {"action_time": "2021-08-02T19:00:46.785Z", "user": 1, "content_type": 21, "object_id": "2", "object_repr": "349684D5797A41D59D19605968143136", "action_flag": 3, "change_message": ""}}, {"model": "admin.logentry", "pk": 98, "fields": {"action_time": "2021-08-02T19:00:51.480Z", "user": 1, "content_type": 21, "object_id": "3", "object_repr": "CE26C80A1FB64B49B54A812FDFC92139", "action_flag": 3, "change_message": ""}}, {"model": "admin.logentry", "pk": 99, "fields": {"action_time": "2021-08-02T19:00:56.375Z", "user": 1, "content_type": 21, "object_id": "4", "object_repr": "321A485F3EA74F1AB821EC7B02005BD7", "action_flag": 3, "change_message": ""}}, {"model": "admin.logentry", "pk": 100, "fields": {"action_time": "2021-08-02T19:01:01.306Z", "user": 1, "content_type": 21, "object_id": "5", "object_repr": "138CB9ADE57B4FD5A1363759CA5F7928", "action_flag": 3, "change_message": ""}}, {"model": "admin.logentry", "pk": 101, "fields": {"action_time": "2021-08-02T19:01:06.178Z", "user": 1, "content_type": 21, "object_id": "6", "object_repr": "3226A34836094BFBAFBA3FABBC16CAEB", "action_flag": 3, "change_message": ""}}, {"model": "admin.logentry", "pk": 102, "fields": {"action_time": "2021-08-02T19:01:10.721Z", "user": 1, "content_type": 21, "object_id": "7", "object_repr": "8A2250D6947F422FB58F869C78924DB4", "action_flag": 3, "change_message": ""}}, {"model": "admin.logentry", "pk": 103, "fields": {"action_time": "2021-08-02T19:01:15.372Z", "user": 1, "content_type": 21, "object_id": "8", "object_repr": "91922ECF423B4B5E9565160F8A84ADF1", "action_flag": 3, "change_message": ""}}, {"model": "admin.logentry", "pk": 104, "fields": {"action_time": "2021-08-02T19:01:19.705Z", "user": 1, "content_type": 21, "object_id": "9", "object_repr": "D2C51F459CA64E028EFF0E13AE770997", "action_flag": 3, "change_message": ""}}, {"model": "admin.logentry", "pk": 105, "fields": {"action_time": "2021-08-02T19:01:25.016Z", "user": 1, "content_type": 21, "object_id": "10", "object_repr": "49E0C4B449F14A1486210767EFDCA055", "action_flag": 3, "change_message": ""}}, {"model": "admin.logentry", "pk": 106, "fields": {"action_time": "2021-08-02T19:01:30.119Z", "user": 1, "content_type": 21, "object_id": "11", "object_repr": "2819ACB1EC744C988C04640256E771FD", "action_flag": 3, "change_message": ""}}, {"model": "admin.logentry", "pk": 107, "fields": {"action_time": "2021-08-02T19:01:34.923Z", "user": 1, "content_type": 21, "object_id": "12", "object_repr": "7612E0E6062F4FF1A2215D4D683B9DA1", "action_flag": 3, "change_message": ""}}, {"model": "admin.logentry", "pk": 108, "fields": {"action_time": "2021-08-04T14:16:58.905Z", "user": 1, "content_type": 22, "object_id": "1", "object_repr": "francescosaponaro5@gmail.com", "action_flag": 3, "change_message": ""}}, {"model": "admin.logentry", "pk": 109, "fields": {"action_time": "2021-08-04T14:17:06.232Z", "user": 1, "content_type": 22, "object_id": "2", "object_repr": "francescosaponaro5@gmail.com", "action_flag": 3, "change_message": ""}}, {"model": "admin.logentry", "pk": 110, "fields": {"action_time": "2021-08-04T14:19:24.424Z", "user": 1, "content_type": 22, "object_id": "3", "object_repr": "francescosaponaro5@gmail.com", "action_flag": 3, "change_message": ""}}, {"model": "admin.logentry", "pk": 111, "fields": {"action_time": "2021-08-04T15:44:44.517Z", "user": 1, "content_type": 22, "object_id": "4", "object_repr": "francescosaponaro5@gmail.com", "action_flag": 3, "change_message": ""}}, {"model": "admin.logentry", "pk": 112, "fields": {"action_time": "2021-08-04T15:52:37.178Z", "user": 1, "content_type": 21, "object_id": "75", "object_repr": "ada/gbp", "action_flag": 3, "change_message": ""}}, {"model": "admin.logentry", "pk": 113, "fields": {"action_time": "2021-08-04T15:52:43.456Z", "user": 1, "content_type": 21, "object_id": "15", "object_repr": "ada/gbp", "action_flag": 3, "change_message": ""}}, {"model": "admin.logentry", "pk": 114, "fields": {"action_time": "2021-08-04T15:52:47.502Z", "user": 1, "content_type": 21, "object_id": "68", "object_repr": "eth/gbp", "action_flag": 3, "change_message": ""}}, {"model": "admin.logentry", "pk": 115, "fields": {"action_time": "2021-08-04T15:52:51.801Z", "user": 1, "content_type": 21, "object_id": "70", "object_repr": "xrp/gbp", "action_flag": 3, "change_message": ""}}, {"model": "admin.logentry", "pk": 116, "fields": {"action_time": "2021-08-04T15:52:55.216Z", "user": 1, "content_type": 21, "object_id": "72", "object_repr": "doge/gbp", "action_flag": 3, "change_message": ""}}, {"model": "admin.logentry", "pk": 117, "fields": {"action_time": "2021-08-04T15:52:58.824Z", "user": 1, "content_type": 21, "object_id": "73", "object_repr": "ada/gbp", "action_flag": 3, "change_message": ""}}, {"model": "admin.logentry", "pk": 118, "fields": {"action_time": "2021-08-04T18:11:56.153Z", "user": 1, "content_type": 22, "object_id": "6", "object_repr": "francescosaponaro5@gmail.com", "action_flag": 3, "change_message": ""}}, {"model": "admin.logentry", "pk": 119, "fields": {"action_time": "2021-08-06T13:15:02.608Z", "user": 1, "content_type": 22, "object_id": "5", "object_repr": "test", "action_flag": 3, "change_message": ""}}, {"model": "auth.user", "pk": 1, "fields": {"password": "pbkdf2_sha256$260000$MkEz4ux0hEjf6EopfI1lmj$44pCVmbaNQ5psF+vsMlRBGIXbC+o+yMgGg1ubNADH1s=", "last_login": "2021-08-07T15:54:27.148Z", "is_superuser": true, "username": "francescosaponaro5@gmail.com", "first_name": "Francesco", "last_name": "Saponaro", "email": "francescosaponaro5@gmail.com", "is_staff": true, "is_active": true, "date_joined": "2021-06-08T14:51:47Z", "groups": [], "user_permissions": []}}, {"model": "auth.user", "pk": 2, "fields": {"password": "pbkdf2_sha256$260000$kv5O2hJBYqGfbOdNk5TyZN$q1P+LkpKcufufRoBSLs9UpOqto2Ntph4UuBwh+f96Vc=", "last_login": "2021-08-07T14:23:24.045Z", "is_superuser": false, "username": "test", "first_name": "", "last_name": "", "email": "test@test.com", "is_staff": false, "is_active": true, "date_joined": "2021-07-28T15:03:45.705Z", "groups": [], "user_permissions": []}}, {"model": "sessions.session", "pk": "3b3rm1unhkt76ux14y2nsdyk0g0corwg", "fields": {"session_data": "e30:1m8krF:gbWzp9ycJ5Pisx9yolXWDtaWl4HzIkze1vRwa_jez6U", "expire_date": "2021-08-11T14:48:29.328Z"}}, {"model": "sessions.session", "pk": "4cbugofiq4dwsirnfqcuycjvpgwa7fnx", "fields": {"session_data": ".eJxVjMEOwiAQBf-Fc0NoA6X06N1vIAu7WNSAgbbRGP9da3rQ65t582QWlnmyS6ViI7KRdaz53Rz4C6UN4BnSKXOf01yi45vCd1r5MSNdD7v7F5igTp-3DlIKNK0QUoYBA4FBL4Nvg9ZGCRRKkCHTge6pN92wCb1H40A7ReobrVRrzMnS_RbLg42iYRVWsjGFzMa5LPR6Aw3XReU:1mC5MQ:F1PQaVPkPZWvMvWCwSpfBgWwmXKpham5hJA8AL827rs", "expire_date": "2021-08-20T19:18:26.561Z"}}, {"model": "sessions.session", "pk": "58rhegf2au4nsqc6m3kvkl8l943yau3k", "fields": {"session_data": ".eJxVjM0OgjAQhN9lz4R024ptj959hqY_C1QREgqJSnx3acJB5zbzzcwG1q1Lb9dMs00RDCBUv5l34U5jAfHmxm6qwzQuc_J1qdQHzfV1ijRcju7fQe9yv68dhnMrSTSadCOkE0KRCkSaHDtjCAqRcYFeR_TBC4aomWdKtniKXHK9n3rXgdmAKzC8AmTFpIUe2fqXzelNJXgOYPCz6ws_ZkXH:1m6ZUe:us5bewqG9KFdF2bHKJTq41KCnTVF77m7vQVQ74jLvik", "expire_date": "2021-08-05T14:16:08.569Z"}}, {"model": "sessions.session", "pk": "5ivmz7d8kt0eifjll376o9i74xgak2ez", "fields": {"session_data": ".eJxVjMEOwiAQBf-Fc0PYgi306N1vIAtsLWqggdZojP-uTXrQ65t582IW12Wya6ViY2ADA9b8bg79ldIGwgXTOXOf01Ki45vCd1r5KQe6HXf3LzBhnb5vBN-PimRnyHRSoZSatCcyhKIH7zWAaCU4E8B5JwWAEU5oNcIhtKo1W7RSrTEnS485licbRMMq3snGNGY2LGWl9wfbxkTA:1m9NtT:nszaiptQRa-L5f8KYQqJt21C9JD-RuKOTHF1aHPbRrA", "expire_date": "2021-08-13T08:29:23.318Z"}}, {"model": "sessions.session", "pk": "fk4p5y6cmpm9p1h3fai1fnhgsq1f6qqw", "fields": {"session_data": ".eJxVjMsOgyAURP_lrg3hClVw2X2_gfC4VvrQRDRpa_j3SuLG3WTOmdnA2Tt0G6CEDitoS44LvZNxX5Pij0rxSTvMOVdg7LoMZk00mxigA4RT56x_0lhAeNjxPjE_jcscHSsKO2hitynQ63q4p4PBpmFfW_RtL0k0mnQjpBVCkfJEmixv0XuFyGuBTgd03gmOqLnjSvZ4CbWsNeQ_pm1Fng:1m6zIy:FdLWkjhDVrLTySLQHbM5n8Hu3LNPYXTMkrPAw_LHo_Y", "expire_date": "2021-08-06T17:49:48.684Z"}}, {"model": "sessions.session", "pk": "onzf4kcb0itwxc27nur1yyzr6yk7jvav", "fields": {"session_data": "eyJfbWVzc2FnZXMiOiJbW1wiX19qc29uX21lc3NhZ2VcIiwgMCwgMjUsIFwiWW91IGhhdmUgc2lnbmVkIG91dC5cIl1dIn0:1mAITg:EhUbL3h5Ez9_hW1mkhWP0ln7U3hzfKpOSWX2wQe5E54", "expire_date": "2021-08-15T20:54:32.103Z"}}, {"model": "sessions.session", "pk": "ozbbj8q17cfq0gsulmrkm4ha72spgjke", "fields": {"session_data": ".eJxVjEEOwiAQRe_C2hCmYAtduvcMZBimFjXQlDbRGO-uTbrQ7X_vv5fwuC6jXyvPPkXRCxCH3y0g3ThvIF4xX4qkkpc5BbkpcqdVnkvk-2l3_wIj1vH7RqBuMKxbx67VBrW2bInZMaoOiCyAajQEFyFQ0ArAqaCsGeAYG9O4LVq51lSy58eU5qfo1fsDgN0-nA:1ltt1k:-68w6EmnKjhBuHL5lHJVz7E5IU5iam3FL3nJo5KPjkw", "expire_date": "2021-07-01T14:29:52.482Z"}}, {"model": "sessions.session", "pk": "p69zywi0r7dz1jw5ec7crhjdm88rf1be", "fields": {"session_data": ".eJxVjEEOwiAQRe_C2hCmYAtduvcMZBimFjXQlDbRGO-uTbrQ7X_vv5fwuC6jXyvPPkXRCxCH3y0g3ThvIF4xX4qkkpc5BbkpcqdVnkvk-2l3_wIj1vH7RqBuMKxbx67VBrW2bInZMaoOiCyAajQEFyFQ0ArAqaCsGeAYG9O4LVq51lSy58eU5qfo1fsDgN0-nA:1lsR7f:3grIfvY7fcctjGAe45fYNgDjfNFZtip_i9oaJvZum3o", "expire_date": "2021-06-27T14:29:59.859Z"}}, {"model": "sessions.session", "pk": "pjemzuxweqwesxnuxmgealq5qi89tvkb", "fields": {"session_data": ".eJxVjMEOwiAQBf-FsyGlFCg9evcbyC4sFjVgSptojP-uJD3o9c28eTEH2zq7rdLiUmATE-zwuyH4K-UGwgXyuXBf8rok5E3hO638VALdjrv7F5ihzt839X7UZAP11qJFNFFKKaSPUtMwqM54hV6T0QGsEqDRjEAEpEQUo-5Ui1aqNZXs6HFPy5NN3fsDpqE_gw:1lqhcI:78Y9vFgNjg8Van6hMMsy1P8rc0pAH18h-uE3csT2ql4", "expire_date": "2021-06-22T19:42:26.235Z"}}, {"model": "sessions.session", "pk": "s6ksgyxuq634lisazyiveq57odqduaks", "fields": {"session_data": ".eJxVjLFuwzAQQ__lZsPQWa5jaeyebxBO0jlW2kqBzy6SGPn3RkCGhgMHPpI7ONrW2W3Ci0sRLCA0_zNP4YtzBfFM-VTaUPK6JN_WSvui0h5L5O_PV_ftYCaZn2vCcJh61oNhM-ietB55DMyGSR0whBFRdRq9ieiD1wrRKK_GfsKP2PWdqafCIqlkx9dLWm5gVQNCv-xSngrYddm4AU8nsDugqp5W_hHnb07SnWtwFbD4eOoPkBxR6Q:1mCjWn:znt8fb6i-841EU-0uDNooLaUrVNPRwjUcu1bB-Gsodc", "expire_date": "2021-08-22T14:11:49.937Z"}}, {"model": "sessions.session", "pk": "tx2xphhn7j4hmfg0bqk2kde5qpwe8yrw", "fields": {"session_data": ".eJxVj8tqwzAQRX_FnbUwGktJLC-7D3QfB6HHxFbS2MGyIWnwv1cCL9rdcO69B-YN2ixzr5dIkw4eGkBgf5k17kZDDvzVDN1YunGYp2DLXCm3NJbH0dP359b9J-hN7NPaoDtcJIm9IrUX0ghRU-2IFBl-QOdqRF4JtMqjdVZwRMUtr-UFd76SlcrSSDGGcdD0fITpBQ1nYE0HzRuEhAYZqHyHme5R25eO4YcyeMYUruuaDPdkMB0lAKdTC1pfY_JttAVWcFZUO1a08DWNfnFzkd6imfxHC-czrL-GDGIc:1mAGaX:ez8locAbCjUUpX6beUOiF9TP32miQf5oBiBMne4q9VE", "expire_date": "2021-08-15T18:53:29.787Z"}}, {"model": "sessions.session", "pk": "vhuyuk977nswab35pyid5zzshblwpym1", "fields": {"session_data": ".eJxVjDsOgzAQRO-yNbK8rAM2ZXrOgHbt5ZNEIPGpEHcPSBRJM8XMm7dDw9vaN9uiczMkqAAh--2E41vHa0gvHrvJxGlc50HMhZh7XUw9Jf08b_ZP0PPSn2_GWLZOqQgaCnJM5NVH1aBsS4zRI9qcUEJCiUIWMVix3rX4SLnLwykV7qDaAREqzIDOPI4voGk8Sg:1m4kJQ:qQlhCuQ0OLQoB6kHBE6zuAyZzaX3EtJemBX9slHa1-s", "expire_date": "2021-07-31T13:25:00.666Z"}}, {"model": "sessions.session", "pk": "werajvrakz3bk8g3we6wbsnf9u5pyxna", "fields": {"session_data": ".eJxVjEEOwiAQRe_C2hAGsAWX7nsGMjNMpWpoUtqV8e7apAvd_vfef6mE21rS1mRJU1YXBer0uxHyQ-oO8h3rbdY813WZSO-KPmjTw5zleT3cv4OCrXxrBO5HL66LEjvn0bkggUWioOmBOQAY64BiBmJyBiAaMsGPcM7W26jeH-MbN18:1mBJ4X:Fcv3dsdCLQZ9KK6Lq8KUsTntL3xNkyJ1ccNOazTCnlk", "expire_date": "2021-08-18T15:44:45.021Z"}}, {"model": "sessions.session", "pk": "zetq0z7i4hgpf9wntix9zewckmzxuxjw", "fields": {"session_data": ".eJx1jz1vwjAURf-K-2YrsuMASUamLkhdK4IsfzyCabEr26mgiP9eW2Lp0O3p3HuP9O6Q1DdK548BxhwXpCDVkk9ySRilszAChz9MK_OBvgb2rPwcGhN8jk43tdI809TsgsXP7bP7R3BS6VTWipvNsUOxHnBYi04J0WNvEAdUbMON6TlnreB6sFwbLRjnA9Os7458ZduuHao0YUoueInXLxdvMDIKWs0w3kG0MHIKQ71dxkuS-iaT-8EKrqmEjwcFLupRRJciUjMWDvv9BFKeU9E-6QSUMEraFSUTvMVgF5NJ-Q4z2pcJDpT8O2F18h4WoiIStC47P5PXEKxDsnXZBOfJznmMRXOAxy8MwIC_:1mAGTR:pCOhEg1siUcAl9_Tm-4az5IBR0YTL1XKlz9PBlXPaUY", "expire_date": "2021-08-15T18:46:09.343Z"}}, {"model": "sites.site", "pk": 1, "fields": {"domain": "crypthome.example.com", "name": "crypthome"}}, {"model": "account.emailaddress", "pk": 1, "fields": {"user": 1, "email": "francescosaponaro5@gmail.com", "verified": true, "primary": true}}, {"model": "account.emailaddress", "pk": 2, "fields": {"user": 2, "email": "test@test.com", "verified": true, "primary": true}}, {"model": "home.position", "pk": "bitcoin", "fields": {"name": "Bitcoin", "symbol": "btc", "image": "https://assets.coingecko.com/coins/images/1/large/bitcoin.png?1547033579", "price": 30906.0, "rank": "1", "market_cap": "579600342029", "price_change": "4.30154"}}, {"model": "home.position", "pk": "cardano", "fields": {"name": "Cardano", "symbol": "ada", "image": "https://assets.coingecko.com/coins/images/975/large/cardano.png?1547034860", "price": 1.02, "rank": "5", "market_cap": "32562063809", "price_change": "1.10213"}}, {"model": "home.position", "pk": "dogecoin", "fields": {"name": "Dogecoin", "symbol": "doge", "image": "https://assets.coingecko.com/coins/images/5/large/dogecoin.png?1547792256", "price": 0.148332, "rank": "8", "market_cap": "19360499652", "price_change": "2.32532"}}, {"model": "home.position", "pk": "ethereum", "fields": {"name": "Ethereum", "symbol": "eth", "image": "https://assets.coingecko.com/coins/images/279/large/ethereum.png?1595348880", "price": 2107.26, "rank": "2", "market_cap": "246201792080", "price_change": "3.92027"}}, {"model": "home.position", "pk": "polkadot", "fields": {"name": "Polkadot", "symbol": "dot", "image": "https://assets.coingecko.com/coins/images/12171/large/aJGBjJFU_400x400.jpg?1597804776", "price": 14.84, "rank": "9", "market_cap": "15055826956", "price_change": "7.03074"}}, {"model": "home.position", "pk": "ripple", "fields": {"name": "XRP", "symbol": "xrp", "image": "https://assets.coingecko.com/coins/images/44/large/xrp-symbol-white-128.png?1605778731", "price": 0.53957, "rank": "6", "market_cap": "24992863295", "price_change": "2.09475"}}, {"model": "home.buytoken", "pk": 105, "fields": {"user_profile": 1, "date": "2021-08-05T12:12:12.451Z", "token_id": "cardano", "token_symbol": "ada", "token_price": "0.97", "gbp_amount": "12000.00", "token_amount": "12326.3272"}}, {"model": "home.buytoken", "pk": 107, "fields": {"user_profile": 1, "date": "2021-08-05T13:36:31.037Z", "token_id": "cardano", "token_symbol": "ada", "token_price": "0.97", "gbp_amount": "3000.00", "token_amount": "3080.8476"}}, {"model": "home.buytoken", "pk": 109, "fields": {"user_profile": 1, "date": "2021-08-05T21:35:14.005Z", "token_id": "ethereum", "token_symbol": "eth", "token_price": "2015.62", "gbp_amount": "3000.00", "token_amount": "1.4884"}}, {"model": "home.buytoken", "pk": 110, "fields": {"user_profile": 1, "date": "2021-08-05T21:35:27.335Z", "token_id": "ethereum", "token_symbol": "eth", "token_price": "2015.62", "gbp_amount": "1000.00", "token_amount": "0.4961"}}, {"model": "home.buytoken", "pk": 116, "fields": {"user_profile": 2, "date": "2021-08-06T13:16:09.066Z", "token_id": "cardano", "token_symbol": "ada", "token_price": "0.99", "gbp_amount": "2000.00", "token_amount": "2021.7643"}}, {"model": "home.buytoken", "pk": 119, "fields": {"user_profile": 2, "date": "2021-08-06T13:23:40.109Z", "token_id": "polkadot", "token_symbol": "dot", "token_price": "14.39", "gbp_amount": "2000.00", "token_amount": "138.9854"}}, {"model": "home.buytoken", "pk": 120, "fields": {"user_profile": 2, "date": "2021-08-06T17:30:16.213Z", "token_id": "dogecoin", "token_symbol": "doge", "token_price": "0.15", "gbp_amount": "500.00", "token_amount": "3369.6355"}}, {"model": "home.buytoken", "pk": 121, "fields": {"user_profile": 2, "date": "2021-08-06T19:18:26.143Z", "token_id": "cardano", "token_symbol": "ada", "token_price": "1.02", "gbp_amount": "4000.00", "token_amount": "3921.5686"}}, {"model": "home.buytoken", "pk": 122, "fields": {"user_profile": 2, "date": "2021-08-07T13:45:14.848Z", "token_id": "ethereum", "token_symbol": "eth", "token_price": "2236.30", "gbp_amount": "1000.00", "token_amount": "0.4472"}}, {"model": "home.buytoken", "pk": 123, "fields": {"user_profile": 2, "date": "2021-08-07T15:02:00.787Z", "token_id": "cardano", "token_symbol": "ada", "token_price": "1.06", "gbp_amount": "2101.00", "token_amount": "1982.0755"}}, {"model": "home.buytoken", "pk": 124, "fields": {"user_profile": 1, "date": "2021-08-07T15:05:53.700Z", "token_id": "bitcoin", "token_symbol": "btc", "token_price": "31335.00", "gbp_amount": "500.00", "token_amount": "0.0160"}}, {"model": "home.buytoken", "pk": 125, "fields": {"user_profile": 1, "date": "2021-08-07T16:18:42.270Z", "token_id": "bitcoin", "token_symbol": "btc", "token_price": "31018.00", "gbp_amount": "1000.00", "token_amount": "0.0322"}}, {"model": "home.buytoken", "pk": 126, "fields": {"user_profile": 1, "date": "2021-08-07T16:22:25.880Z", "token_id": "bitcoin", "token_symbol": "btc", "token_price": "31002.00", "gbp_amount": "20000.00", "token_amount": "0.6451"}}, {"model": "home.allowance", "pk": 7, "fields": {"user": 1, "user_allowance": "40159.41"}}, {"model": "home.allowance", "pk": 8, "fields": {"user": 2, "user_allowance": "18401.14"}}, {"model": "merch.category", "pk": 1, "fields": {"name": "clothing", "friendly_name": "Clothing"}}, {"model": "merch.category", "pk": 2, "fields": {"name": "accessories", "friendly_name": "Accessories"}}, {"model": "merch.category", "pk": 3, "fields": {"name": "hoodies", "friendly_name": "hoodies"}}, {"model": "merch.category", "pk": 4, "fields": {"name": "t-shirts", "friendly_name": "T-shirts"}}, {"model": "merch.category", "pk": 5, "fields": {"name": "hats", "friendly_name": "Hats"}}, {"model": "merch.category", "pk": 6, "fields": {"name": "mugs", "friendly_name": "Mugs"}}, {"model": "merch.category", "pk": 7, "fields": {"name": "bags", "friendly_name": "Bags"}}, {"model": "merch.category", "pk": 8, "fields": {"name": "phone_cases", "friendly_name": "Phone cases"}}, {"model": "merch.merch", "pk": 1, "fields": {"category": 3, "sku": "Hoo/Bit/Bla", "name": "Hoodie Bitcoin Miner", "description": "Black Bitcoin Miner Hoodie", "has_sizes": true, "price": "24.99", "rating": "4.70", "image_url": null, "image": "hoodie-bitcoin-miner_VkBPoxd.jpg"}}, {"model": "merch.merch", "pk": 2, "fields": {"category": 3, "sku": "Hoo/Bit/Bla/1", "name": "Hoodie Bitcoin", "description": "Black Bitcoin Hoodie with golden symbol", "has_sizes": true, "price": "24.99", "rating": "4.60", "image_url": null, "image": "hoodie-bitcoin_D02QV8F.jpg"}}, {"model": "merch.merch", "pk": 3, "fields": {"category": 3, "sku": "Hoo/Eth/Whi", "name": "Hoodie Ethereum", "description": "White Ethereum Hoodie with green symbol", "has_sizes": true, "price": "24.99", "rating": "4.80", "image_url": null, "image": "hoodie-eth_y1k7bwk.jpg"}}, {"model": "merch.merch", "pk": 4, "fields": {"category": 3, "sku": "Hoo/Xrp/Whi", "name": "Hoodie XRP", "description": "White XRP Hoodie with black title", "has_sizes": true, "price": "24.99", "rating": "4.40", "image_url": null, "image": "hoodie-xrp_erQKZOu.jpg"}}, {"model": "merch.merch", "pk": 5, "fields": {"category": 3, "sku": "Hoo/Bit/Whi", "name": "Hoodie Bitcoin PlanB", "description": "White Bitcoin Hoodie with grey and orange \"Plan B\" title", "has_sizes": true, "price": "24.99", "rating": "4.80", "image_url": null, "image": "hoodie-planb_bAlBpnv.jpg"}}, {"model": "merch.merch", "pk": 6, "fields": {"category": 3, "sku": "Hoo/Eth/Whi/1", "name": "Hoodie Ethereum QR code", "description": "White Ethereum Hoodie with blue \"Send ETH\" title and QR code pattern", "has_sizes": true, "price": "24.99", "rating": "4.90", "image_url": null, "image": "shirt-eth_icie8Sl.jpg"}}, {"model": "merch.merch", "pk": 8, "fields": {"category": 4, "sku": "T-s/Car/Whi", "name": "T-shirt Cardano", "description": "White Cardano T-shirt with blue symbol", "has_sizes": true, "price": "15.99", "rating": "4.90", "image_url": null, "image": "shirt-cardano_TE5yp3L.jpg"}}, {"model": "merch.merch", "pk": 9, "fields": {"category": 4, "sku": "T-s/Cha/Whi", "name": "T-shirt Chainlink", "description": "White Chainlink T-shirt with blue symbol", "has_sizes": true, "price": "15.99", "rating": "4.50", "image_url": null, "image": "shirt-chainlink_r4qyizK.jpg"}}, {"model": "merch.merch", "pk": 10, "fields": {"category": 4, "sku": "T-s/Bit/Bla", "name": "T-shirt Bitcoin HODL", "description": "Black Bitcoin HODL T-shirt with orange symbol and white title", "has_sizes": true, "price": "15.99", "rating": "4.90", "image_url": null, "image": "shirt-bitcoin-hodl_Kb4CTD4.jpg"}}, {"model": "merch.merch", "pk": 11, "fields": {"category": 5, "sku": "Hat/Car/Bla", "name": "Beanie Cardano", "description": "Black Cardano Beanie with white writing and symbol", "has_sizes": false, "price": "9.99", "rating": "4.40", "image_url": null, "image": "hat-cardano_rmQmTEh.jpg"}}, {"model": "merch.merch", "pk": 12, "fields": {"category": 5, "sku": "Hat/Mon/Bla", "name": "Hat Monero", "description": "Black and grey Monero HODL Hat with white title and orange symbol", "has_sizes": false, "price": "9.99", "rating": "4.70", "image_url": null, "image": "hat-hodl_4BOcPNZ.jpg"}}, {"model": "merch.merch", "pk": 13, "fields": {"category": 5, "sku": "Hat/Xrp/Bla", "name": "Hat XRP", "description": "Black XRP Hat with grey symbol", "has_sizes": false, "price": "9.99", "rating": "4.20", "image_url": null, "image": "hat-xrp_2QLkrWm.jpg"}}, {"model": "merch.merch", "pk": 14, "fields": {"category": 5, "sku": "Hat/Bit/Whi", "name": "Hat Bitcoin", "description": "White Bitcoin Hat with red and white title", "has_sizes": false, "price": "9.99", "rating": "4.80", "image_url": null, "image": "hat-bitcoin_pJwQySF.jpg"}}, {"model": "merch.merch", "pk": 15, "fields": {"category": 5, "sku": "Hat/Cha/Whi", "name": "Beanie Chainlink", "description": "White Chainlink Beanie with blue symbol", "has_sizes": false, "price": "9.99", "rating": "4.70", "image_url": null, "image": "hat-chainlink_MQnrsdl.jpg"}}, {"model": "merch.merch", "pk": 16, "fields": {"category": 6, "sku": "Mug/Bit/Whi", "name": "Mug Bitcoin", "description": "White Bitcoin Mug with grey title and orange symbol", "has_sizes": false, "price": "4.99", "rating": "4.10", "image_url": null, "image": "cup-bitcoin-white_XMEgvGD.jpg"}}, {"model": "merch.merch", "pk": 17, "fields": {"category": 6, "sku": "Mug/Eth/Whi", "name": "Mug Ethereum", "description": "White Ethereum Mug with grey title and symbol", "has_sizes": false, "price": "4.99", "rating": "4.90", "image_url": null, "image": "cup-eth_rxaIKSW.jpg"}}, {"model": "merch.merch", "pk": 18, "fields": {"category": 6, "sku": "Mug/Cha/Whi", "name": "Mug Chainlink", "description": "White Chainlink Mug with blue symbols", "has_sizes": false, "price": "4.99", "rating": "4.60", "image_url": null, "image": "cup-chainlink_Tl8CTCn.jpg"}}, {"model": "merch.merch", "pk": 19, "fields": {"category": 6, "sku": "Mug/Xrp/Whi", "name": "Mug XRP", "description": "White XRP Mug with black title", "has_sizes": false, "price": "4.99", "rating": "4.00", "image_url": null, "image": "cup-xrp_kokCnGy.jpg"}}, {"model": "merch.merch", "pk": 20, "fields": {"category": 6, "sku": "Mug/Bit/Bla", "name": "Mug Bitcoin HODL", "description": "Black Bitcoin HODL Mug with white title and symbol", "has_sizes": false, "price": "4.99", "rating": "4.90", "image_url": null, "image": "cup-bitcoin_hXS9bKf.jpg"}}, {"model": "merch.merch", "pk": 21, "fields": {"category": 8, "sku": "Pho/Tot/Bla", "name": "Phone case \"To the moon\"", "description": "Black \"TO THE MOON\" Phone case with title and rocket symbol", "has_sizes": false, "price": "7.99", "rating": "4.70", "image_url": null, "image": "phone-moon_FBuwOix.jpg"}}, {"model": "merch.merch", "pk": 22, "fields": {"category": 8, "sku": "Pho/Bit/Whi", "name": "Phone case Bitcoin", "description": "White Bitcoin Phone case with black symbol", "has_sizes": false, "price": "7.99", "rating": "4.80", "image_url": null, "image": "phone-bitcoin_OgT5ejv.jpg"}}, {"model": "merch.merch", "pk": 23, "fields": {"category": 8, "sku": "Pho/Eth/Bla", "name": "Phone case Ethereum", "description": "Black Ethereum Phone case with golden title and symbol", "has_sizes": false, "price": "7.99", "rating": "5.00", "image_url": null, "image": "phone-eth_tKg6I0m.jpg"}}, {"model": "merch.merch", "pk": 24, "fields": {"category": 8, "sku": "Pho/Cha/Bla", "name": "Phone case Chainlink", "description": "Black Chainlink Phone case with white title and blue symbol", "has_sizes": false, "price": "7.99", "rating": "3.80", "image_url": null, "image": "phone-chainlink_YotXAkK.jpg"}}, {"model": "merch.merch", "pk": 25, "fields": {"category": 8, "sku": "Pho/Bit/Bla/1", "name": "Phone case Bitcoin Miner", "description": "White Bitcoin Miner Phone case with black title and golden symbol", "has_sizes": false, "price": "7.99", "rating": "4.50", "image_url": null, "image": "phone-bitcoin-miner_xGb8tF5.jpg"}}, {"model": "merch.merch", "pk": 26, "fields": {"category": 7, "sku": "Bag/Bit/Bla", "name": "Bag Bitcoin", "description": "Black and grey Bitcoin Bag with white title and orange symbol", "has_sizes": false, "price": "29.99", "rating": "4.60", "image_url": null, "image": "bag-bitcoin_SCltpN5.jpg"}}, {"model": "merch.merch", "pk": 27, "fields": {"category": 7, "sku": "Bag/Xrp/Bla", "name": "Bag XRP", "description": "Black and grey XRP bag with white symbol", "has_sizes": false, "price": "29.99", "rating": "4.10", "image_url": null, "image": "bag-xrp_RK8zhI8.jpg"}}, {"model": "merch.merch", "pk": 28, "fields": {"category": 7, "sku": "Bag/Cha/Bla", "name": "Bag Chainlink", "description": "Black and grey Chainlink bag with blue and white symbol", "has_sizes": false, "price": "29.99", "rating": "4.30", "image_url": null, "image": "bag-chainlink_6PDUITU.jpg"}}, {"model": "merch.merch", "pk": 29, "fields": {"category": 7, "sku": "Bag/Mon/Bla", "name": "Bag Monero", "description": "Black and grey Monero bag with white and orange symbol", "has_sizes": false, "price": "29.99", "rating": "4.40", "image_url": null, "image": "bag-monero_T4vPJpG.jpg"}}, {"model": "merch.merch", "pk": 30, "fields": {"category": 7, "sku": "Bag/Bit/Whi", "name": "Waist Bag Bitcoin", "description": "White Bitcoin Waist Bag with black symbol", "has_sizes": false, "price": "14.99", "rating": "4.90", "image_url": null, "image": "bag-waist-bitcoin_en3nPrd.jpg"}}, {"model": "merch.merch", "pk": 31, "fields": {"category": 4, "sku": "T-s/Dog/Bla", "name": "T-shirt Dogecoin", "description": "Black Dogecoin T-shirt with golden symbol", "has_sizes": true, "price": "15.99", "rating": null, "image_url": null, "image": ""}}, {"model": "merch.merch", "pk": 39, "fields": {"category": 1, "sku": null, "name": "fefrfe", "description": "jnkjnkjnj", "has_sizes": false, "price": "5.00", "rating": null, "image_url": null, "image": ""}}, {"model": "checkout.order", "pk": 1, "fields": {"order_number": "04D1B904726945D99288D3A0183E4CA1", "user_profile": null, "full_name": "Francesco Saponaro", "email": "francescosaponaro5@gmail.com", "phone_number": "07716794022", "country": "United Kingdom", "postcode": "N1 2EF", "town_or_city": "London", "street_address1": "43 Wakelin House", "street_address2": null, "county": null, "date": "2021-07-25T12:59:55.173Z", "delivery_cost": "0.00", "order_total": "129.90", "grand_total": "129.90", "original_bag": "", "stripe_pid": ""}}, {"model": "checkout.order", "pk": 2, "fields": {"order_number": "332ADD321C2D4B39A905D5A93324D9FD", "user_profile": null, "full_name": "Francesco Saponaro", "email": "francescosaponaro5@gmail.com", "phone_number": "07716794022", "country": "United Kingdom", "postcode": "N1 2EF", "town_or_city": "London", "street_address1": "43 Wakelin House", "street_address2": null, "county": null, "date": "2021-07-25T13:01:10.318Z", "delivery_cost": "0.00", "order_total": "129.90", "grand_total": "129.90", "original_bag": "", "stripe_pid": ""}}, {"model": "checkout.order", "pk": 3, "fields": {"order_number": "C0339356C8CE4AA283408961136F9A02", "user_profile": null, "full_name": "Francesco Saponaro", "email": "francescosaponaro5@gmail.com", "phone_number": "07716794022", "country": "United Kingdom", "postcode": "N1 2EF", "town_or_city": "London", "street_address1": "43 Wakelin House", "street_address2": null, "county": null, "date": "2021-07-25T13:01:10.528Z", "delivery_cost": "0.00", "order_total": "129.90", "grand_total": "129.90", "original_bag": "", "stripe_pid": ""}}, {"model": "checkout.order", "pk": 4, "fields": {"order_number": "30C1425EB3DE48FCBD018C3841FBBBE3", "user_profile": null, "full_name": "Francesco Saponaro", "email": "francescosaponaro5@gmail.com", "phone_number": "07716794022", "country": "United Kingdom", "postcode": "N1 2EF", "town_or_city": "London", "street_address1": "43 Wakelin House", "street_address2": null, "county": null, "date": "2021-07-25T13:01:10.711Z", "delivery_cost": "0.00", "order_total": "129.90", "grand_total": "129.90", "original_bag": "", "stripe_pid": ""}}, {"model": "checkout.order", "pk": 5, "fields": {"order_number": "40789A92D0E44940B625CB3C2D86D1C3", "user_profile": null, "full_name": "Francesco Saponaro", "email": "francescosaponaro5@gmail.com", "phone_number": "07716794022", "country": "United Kingdom", "postcode": "N1 2EF", "town_or_city": "London", "street_address1": "43 Wakelin House", "street_address2": null, "county": null, "date": "2021-07-25T13:01:10.903Z", "delivery_cost": "0.00", "order_total": "0.00", "grand_total": "0.00", "original_bag": "", "stripe_pid": ""}}, {"model": "checkout.order", "pk": 6, "fields": {"order_number": "3C82E1E03BF34BD9BEB5D47F51AEAB6C", "user_profile": null, "full_name": "Francesco Saponaro", "email": "francescosaponaro5@gmail.com", "phone_number": "07716794022", "country": "United Kingdom", "postcode": "N1 2EF", "town_or_city": "London", "street_address1": "43 Wakelin House", "street_address2": null, "county": null, "date": "2021-07-25T13:08:29.887Z", "delivery_cost": "2.50", "order_total": "24.99", "grand_total": "27.49", "original_bag": "", "stripe_pid": ""}}, {"model": "checkout.order", "pk": 7, "fields": {"order_number": "EA1B5402B4874A6AA9B91993AA004974", "user_profile": null, "full_name": "Francesco Saponaro", "email": "francescosaponaro5@gmail.com", "phone_number": "07716794022", "country": "United Kingdom", "postcode": "N1 2EF", "town_or_city": "London", "street_address1": "43 Wakelin House", "street_address2": null, "county": null, "date": "2021-07-25T14:27:03.750Z", "delivery_cost": "4.10", "order_total": "40.98", "grand_total": "45.08", "original_bag": "", "stripe_pid": ""}}, {"model": "checkout.order", "pk": 8, "fields": {"order_number": "C44F6BEDC7354C4385BDA778B7BBC42E", "user_profile": null, "full_name": "Francesco Saponaro", "email": "francescosaponaro5@gmail.com", "phone_number": "07716794022", "country": "United Kingdom", "postcode": "N1 2EF", "town_or_city": "London", "street_address1": "43 Wakelin House", "street_address2": null, "county": null, "date": "2021-07-25T14:28:32.641Z", "delivery_cost": "1.60", "order_total": "15.99", "grand_total": "17.59", "original_bag": "", "stripe_pid": ""}}, {"model": "checkout.order", "pk": 9, "fields": {"order_number": "6FFA05048F3244C08F7AE7C4B890F665", "user_profile": null, "full_name": "Francesco Saponaro", "email": "francescosaponaro5@gmail.com", "phone_number": "07716794022", "country": "United Kingdom", "postcode": "N1 2EF", "town_or_city": "London", "street_address1": "43 Wakelin House", "street_address2": null, "county": null, "date": "2021-07-25T14:33:01.911Z", "delivery_cost": "1.60", "order_total": "15.99", "grand_total": "17.59", "original_bag": "", "stripe_pid": ""}}, {"model": "checkout.order", "pk": 10, "fields": {"order_number": "3DE691FCB710465A939C6229621CAB93", "user_profile": null, "full_name": "Francesco Saponaro", "email": "francescosaponaro5@gmail.com", "phone_number": "07716794022", "country": "United Kingdom", "postcode": "N1 2EF", "town_or_city": "London", "street_address1": "43 Wakelin House", "street_address2": null, "county": null, "date": "2021-07-25T14:50:34.040Z", "delivery_cost": "1.60", "order_total": "15.99", "grand_total": "17.59", "original_bag": "", "stripe_pid": ""}}, {"model": "checkout.order", "pk": 11, "fields": {"order_number": "D1E7B83223874F059AD8E91674D88DEF", "user_profile": null, "full_name": "Francesco Saponaro", "email": "francescosaponaro5@gmail.com", "phone_number": "07716794022", "country": "United Kingdom", "postcode": "N1 2EF", "town_or_city": "London", "street_address1": "43 Wakelin House", "street_address2": null, "county": null, "date": "2021-07-25T14:51:18.164Z", "delivery_cost": "0.00", "order_total": "63.96", "grand_total": "63.96", "original_bag": "", "stripe_pid": ""}}, {"model": "checkout.order", "pk": 12, "fields": {"order_number": "66E366F0544D446B8CAEBEE7C5CDE6A5", "user_profile": null, "full_name": "Francesco Saponaro", "email": "francescosaponaro5@gmail.com", "phone_number": "07716794022", "country": "United Kingdom", "postcode": "N1 2EF", "town_or_city": "London", "street_address1": "43 Wakelin House", "street_address2": null, "county": null, "date": "2021-07-25T15:02:28.440Z", "delivery_cost": "2.50", "order_total": "24.99", "grand_total": "27.49", "original_bag": "", "stripe_pid": ""}}, {"model": "checkout.order", "pk": 13, "fields": {"order_number": "14EDD06F4611403282BB83F70B2FF353", "user_profile": null, "full_name": "Francesco Saponaro", "email": "francescosaponaro5@gmail.com", "phone_number": "07716794022", "country": "United Kingdom", "postcode": "N1 2EF", "town_or_city": "London", "street_address1": "43 Wakelin House", "street_address2": null, "county": null, "date": "2021-07-25T18:28:16.111Z", "delivery_cost": "1.60", "order_total": "15.99", "grand_total": "17.59", "original_bag": "", "stripe_pid": ""}}, {"model": "checkout.order", "pk": 14, "fields": {"order_number": "FD140B3674714831BAEFF52E8F600D9B", "user_profile": null, "full_name": "Francesco Saponaro", "email": "francescosaponaro5@gmail.com", "phone_number": "07716794022", "country": "United Kingdom", "postcode": "N1 2EF", "town_or_city": "London", "street_address1": "43 Wakelin House", "street_address2": null, "county": null, "date": "2021-07-26T13:29:22.783Z", "delivery_cost": "1.60", "order_total": "15.99", "grand_total": "17.59", "original_bag": "", "stripe_pid": ""}}, {"model": "checkout.order", "pk": 15, "fields": {"order_number": "B5C111E08DF5460781500F2EABC01280", "user_profile": null, "full_name": "Francesco Saponaro", "email": "francescosaponaro5@gmail.com", "phone_number": "07716794022", "country": "United Kingdom", "postcode": "N1 2EF", "town_or_city": "London", "street_address1": "43 Wakelin House", "street_address2": null, "county": null, "date": "2021-07-26T14:13:37.622Z", "delivery_cost": "4.60", "order_total": "45.98", "grand_total": "50.58", "original_bag": "", "stripe_pid": ""}}, {"model": "checkout.order", "pk": 16, "fields": {"order_number": "C795CA5E7CF741FFB8775D46EACF98D0", "user_profile": null, "full_name": "Francesco Saponaro", "email": "francescosaponaro5@gmail.com", "phone_number": "07716794022", "country": "United Kingdom", "postcode": "N1 2EF", "town_or_city": "London", "street_address1": "43 Wakelin House", "street_address2": null, "county": null, "date": "2021-07-26T14:21:35.882Z", "delivery_cost": "1.60", "order_total": "15.99", "grand_total": "17.59", "original_bag": "", "stripe_pid": ""}}, {"model": "checkout.order", "pk": 17, "fields": {"order_number": "286B08C0FA90491ABC534B2895BFC224", "user_profile": null, "full_name": "Francesco Saponaro", "email": "francescosaponaro5@gmail.com", "phone_number": "07716794022", "country": "United Kingdom", "postcode": "N1 2EF", "town_or_city": "London", "street_address1": "43 Wakelin House", "street_address2": null, "county": null, "date": "2021-07-26T14:24:20.687Z", "delivery_cost": "1.60", "order_total": "15.99", "grand_total": "17.59", "original_bag": "", "stripe_pid": ""}}, {"model": "checkout.order", "pk": 18, "fields": {"order_number": "0F620F400DF2493A8127C944539F63E9", "user_profile": null, "full_name": "Francesco Saponaro", "email": "francescosaponaro5@gmail.com", "phone_number": "07716794022", "country": "GB", "postcode": "N1 2EF", "town_or_city": "London", "street_address1": "43 Wakelin House", "street_address2": null, "county": null, "date": "2021-07-27T14:13:09.849Z", "delivery_cost": "0.00", "order_total": "0.00", "grand_total": "0.00", "original_bag": "", "stripe_pid": ""}}, {"model": "checkout.order", "pk": 19, "fields": {"order_number": "A0452ADB4C3F4876A96B8EA0039CD174", "user_profile": null, "full_name": "Francesco Saponaro", "email": "francescosaponaro5@gmail.com", "phone_number": "07716794022", "country": "GB", "postcode": "N1 2EF", "town_or_city": "London", "street_address1": "43 Wakelin House", "street_address2": null, "county": null, "date": "2021-07-27T16:13:44.846Z", "delivery_cost": "2.40", "order_total": "23.98", "grand_total": "26.38", "original_bag": "{\"9\": {\"items_by_size\": {\"xs\": 1}}, \"22\": 1}", "stripe_pid": "pi_1JHstTJO3fdzlzXp6cTGXRNZ"}}, {"model": "checkout.order", "pk": 20, "fields": {"order_number": "6806161DD6DA498A9167BEDDFDDEFB5C", "user_profile": null, "full_name": "Francesco Saponaro", "email": "francescosaponaro5@gmail.com", "phone_number": "07716794022", "country": "GB", "postcode": "N1 2EF", "town_or_city": "London", "street_address1": "43 Wakelin House", "street_address2": null, "county": null, "date": "2021-07-27T16:13:45.002Z", "delivery_cost": "2.40", "order_total": "23.98", "grand_total": "26.38", "original_bag": "{\"9\": {\"items_by_size\": {\"xs\": 1}}, \"22\": 1}", "stripe_pid": "pi_1JHstTJO3fdzlzXp6cTGXRNZ"}}, {"model": "checkout.order", "pk": 21, "fields": {"order_number": "B9B2C448E1A74289B1FA36C501EE6D11", "user_profile": null, "full_name": "Francesco Saponaro", "email": "francescosaponaro5@gmail.com", "phone_number": "07716794022", "country": "GB", "postcode": "N1 2EF", "town_or_city": "London", "street_address1": "43 Wakelin House", "street_address2": null, "county": null, "date": "2021-07-27T16:19:18.814Z", "delivery_cost": "1.60", "order_total": "15.99", "grand_total": "17.59", "original_bag": "{\"10\": {\"items_by_size\": {\"xs\": 1}}}", "stripe_pid": "pi_1JHszRJO3fdzlzXp1hLlYTly"}}, {"model": "checkout.order", "pk": 22, "fields": {"order_number": "7CA7122333ED4396BB73AF58519E02F0", "user_profile": null, "full_name": "Francesco Saponaro", "email": "francescosaponaro5@gmail.com", "phone_number": "07716794022", "country": "GB", "postcode": "N1 2EF", "town_or_city": "London", "street_address1": "43 Wakelin House", "street_address2": null, "county": null, "date": "2021-07-27T16:19:18.948Z", "delivery_cost": "1.60", "order_total": "15.99", "grand_total": "17.59", "original_bag": "{\"10\": {\"items_by_size\": {\"xs\": 1}}}", "stripe_pid": "pi_1JHszRJO3fdzlzXp1hLlYTly"}}, {"model": "checkout.order", "pk": 23, "fields": {"order_number": "26A7B732673F4905847C44A2097720D9", "user_profile": null, "full_name": "Francesco Saponaro", "email": "francescosaponaro5@gmail.com", "phone_number": "07716794022", "country": "GB", "postcode": "N1 2EF", "town_or_city": "London", "street_address1": "43 Wakelin House", "street_address2": null, "county": null, "date": "2021-07-27T16:24:23.405Z", "delivery_cost": "1.50", "order_total": "14.99", "grand_total": "16.49", "original_bag": "{\"30\": 1}", "stripe_pid": "pi_1JHt4IJO3fdzlzXprQNcrKcJ"}}, {"model": "checkout.order", "pk": 24, "fields": {"order_number": "3E077418578C441582EAC1276520B68F", "user_profile": null, "full_name": "kk", "email": "francescosaponaro5@gmail.com", "phone_number": "999", "country": "GB", "postcode": null, "town_or_city": "ijiji", "street_address1": "jiji", "street_address2": null, "county": null, "date": "2021-07-28T17:29:46.724Z", "delivery_cost": "1.60", "order_total": "15.99", "grand_total": "17.59", "original_bag": "{\"10\": {\"items_by_size\": {\"xs\": 1}}}", "stripe_pid": "pi_3JIGW4JO3fdzlzXp0Hcf7c4u"}}, {"model": "checkout.order", "pk": 25, "fields": {"order_number": "E26AE370680C412184D22C1755E3CED8", "user_profile": null, "full_name": "Francesco Saponaro", "email": "francescosaponaro5@gmail.com", "phone_number": "07716794022", "country": "GB", "postcode": "N1 2EF", "town_or_city": "London", "street_address1": "43 Wakelin House", "street_address2": null, "county": null, "date": "2021-07-28T18:16:36.594Z", "delivery_cost": "1.60", "order_total": "15.99", "grand_total": "17.59", "original_bag": "{\"9\": {\"items_by_size\": {\"xs\": 1}}}", "stripe_pid": "pi_1JIHIlJO3fdzlzXpDiBMi4aG"}}, {"model": "checkout.order", "pk": 26, "fields": {"order_number": "4FAC06D46BDB4490B5122B8BDA728B88", "user_profile": null, "full_name": "Francesco Saponaro", "email": "francescosaponaro5@gmail.com", "phone_number": "07716794022", "country": "GB", "postcode": "N1 2EF", "town_or_city": "London", "street_address1": "43 Wakelin House", "street_address2": null, "county": null, "date": "2021-07-28T18:22:47.242Z", "delivery_cost": "1.00", "order_total": "9.99", "grand_total": "10.99", "original_bag": "{\"13\": 1}", "stripe_pid": "pi_1JIHNbJO3fdzlzXpNDhXTPKB"}}, {"model": "checkout.order", "pk": 27, "fields": {"order_number": "9CD49CFB28AA4B9F9C31A1464B899462", "user_profile": null, "full_name": "Francesco Saponaro", "email": "francescosaponaro5@gmail.com", "phone_number": "07716794022", "country": "GB", "postcode": "N1 2EF", "town_or_city": "London", "street_address1": "43 Wakelin House", "street_address2": null, "county": null, "date": "2021-07-28T18:24:18.819Z", "delivery_cost": "1.60", "order_total": "15.99", "grand_total": "17.59", "original_bag": "{\"9\": {\"items_by_size\": {\"xs\": 1}}}", "stripe_pid": "pi_1JIHQGJO3fdzlzXpcpTmP7gY"}}, {"model": "checkout.order", "pk": 28, "fields": {"order_number": "1E9540702BCE40D3A028022C8B65A3CC", "user_profile": null, "full_name": "Francesco Saponaro", "email": "francescosaponaro5@gmail.comoo", "phone_number": "07716794022", "country": "GB", "postcode": "N1 2EF", "town_or_city": "London", "street_address1": "43 Wakelin House", "street_address2": null, "county": null, "date": "2021-07-28T18:25:25.193Z", "delivery_cost": "1.60", "order_total": "15.99", "grand_total": "17.59", "original_bag": "{\"9\": {\"items_by_size\": {\"xs\": 1}}}", "stripe_pid": "pi_1JIHR8JO3fdzlzXpIrzKCUMg"}}, {"model": "checkout.order", "pk": 29, "fields": {"order_number": "8BDFA9B956D54EF0985C359DAFEA8366", "user_profile": null, "full_name": "Francesco Saponaro", "email": "francescosaponaro5@gmail.com", "phone_number": "uiji", "country": "GB", "postcode": "N1 2EF", "town_or_city": "London", "street_address1": "43 Wakelin House", "street_address2": null, "county": null, "date": "2021-07-28T18:31:27.191Z", "delivery_cost": "1.00", "order_total": "9.99", "grand_total": "10.99", "original_bag": "{\"14\": 1}", "stripe_pid": "pi_1JIHSrJO3fdzlzXpecBM3nbW"}}, {"model": "checkout.order", "pk": 30, "fields": {"order_number": "9CFFE62F82A640D4B64773C754D334CA", "user_profile": null, "full_name": "Francesco Saponaro", "email": "francescosaponaro5@gmail.com", "phone_number": "07716794022", "country": "GB", "postcode": "N1 2EF", "town_or_city": "London", "street_address1": "43 Wakelin House", "street_address2": null, "county": null, "date": "2021-07-29T11:43:24.628Z", "delivery_cost": "0.00", "order_total": "90.96", "grand_total": "90.96", "original_bag": "{\"3\": {\"items_by_size\": {\"xs\": 1}}, \"9\": {\"items_by_size\": {\"xs\": 1}}, \"1\": {\"items_by_size\": {\"m\": 2}}}", "stripe_pid": "pi_1JIXdpJO3fdzlzXpXAotmOud"}}, {"model": "checkout.order", "pk": 31, "fields": {"order_number": "14EA259703A14822A3D7F6AA70C2F81F", "user_profile": 1, "full_name": "Francesco Saponaro", "email": "francescosaponaro5@gmail.com", "phone_number": "07716794022", "country": "GB", "postcode": "N1 2EF", "town_or_city": "London", "street_address1": "43 Wakelin House", "street_address2": null, "county": null, "date": "2021-07-29T11:44:28.875Z", "delivery_cost": "0.00", "order_total": "59.97", "grand_total": "59.97", "original_bag": "{\"1\": {\"items_by_size\": {\"m\": 2}}, \"14\": 1}", "stripe_pid": "pi_1JIXewJO3fdzlzXp7ak8udYq"}}, {"model": "checkout.order", "pk": 32, "fields": {"order_number": "B2CE3B4BCD84473DA3B3F6D4F12A88B4", "user_profile": 1, "full_name": "Francesco Saponaro", "email": "francescosaponaro5@gmail.com", "phone_number": "07716794022", "country": "GB", "postcode": "N1 2EF", "town_or_city": "London", "street_address1": "43 Wakelin House", "street_address2": null, "county": null, "date": "2021-07-29T11:49:50.885Z", "delivery_cost": "1.60", "order_total": "15.99", "grand_total": "17.59", "original_bag": "{\"9\": {\"items_by_size\": {\"xs\": 1}}}", "stripe_pid": "pi_1JIXk7JO3fdzlzXplM64wh9v"}}, {"model": "checkout.order", "pk": 33, "fields": {"order_number": "035FEC63F55B49169043E77B9E06A53E", "user_profile": 1, "full_name": "Francesco Saponaro", "email": "francescosaponaro5@gmail.com", "phone_number": "07716794022", "country": "GB", "postcode": "N1 2EF", "town_or_city": "London", "street_address1": "43 Wakelin House", "street_address2": null, "county": null, "date": "2021-07-29T11:51:50.833Z", "delivery_cost": "1.00", "order_total": "9.99", "grand_total": "10.99", "original_bag": "{\"13\": 1}", "stripe_pid": "pi_1JIXm0JO3fdzlzXptxhHq31K"}}, {"model": "checkout.order", "pk": 34, "fields": {"order_number": "2140DB2401754446A3A58D574547B8EE", "user_profile": 1, "full_name": "Francesco Saponaro", "email": "francescosaponaro5@gmail.com", "phone_number": "07716794022", "country": "GB", "postcode": "N1 2EF", "town_or_city": "London", "street_address1": "43 Wakelin House", "street_address2": null, "county": null, "date": "2021-07-29T12:22:22.787Z", "delivery_cost": "2.50", "order_total": "24.99", "grand_total": "27.49", "original_bag": "{\"3\": {\"items_by_size\": {\"xs\": 1}}}", "stripe_pid": "pi_1JIYEPJO3fdzlzXplEE7M8eR"}}, {"model": "checkout.order", "pk": 35, "fields": {"order_number": "F67F263844474060BF0BD6BC7BCABC97", "user_profile": 1, "full_name": "Francesco Saponaro", "email": "francescosaponaro5@gmail.com", "phone_number": "07716794022", "country": "GB", "postcode": "N1 2EF", "town_or_city": "London", "street_address1": "43 Wakelin House", "street_address2": null, "county": null, "date": "2021-07-29T12:24:49.499Z", "delivery_cost": "1.60", "order_total": "15.99", "grand_total": "17.59", "original_bag": "{\"9\": {\"items_by_size\": {\"xs\": 1}}}", "stripe_pid": "pi_1JIYGdJO3fdzlzXpNKVxL1kZ"}}, {"model": "checkout.order", "pk": 36, "fields": {"order_number": "69849B8F775341B390A541D570C21C0E", "user_profile": 1, "full_name": "Francesco Saponaro", "email": "francescosaponaro5@gmail.com", "phone_number": "07716794022", "country": "GB", "postcode": "N1 2EF", "town_or_city": "London", "street_address1": "43 Wakelin House", "street_address2": null, "county": null, "date": "2021-07-29T12:35:04.748Z", "delivery_cost": "0.00", "order_total": "0.00", "grand_total": "0.00", "original_bag": "{\"7\": {\"items_by_size\": {\"xs\": 1}}}", "stripe_pid": "pi_1JIYRtJO3fdzlzXpm0IjbMit"}}, {"model": "checkout.order", "pk": 37, "fields": {"order_number": "7849C3A5381949A796531DF74439D1AC", "user_profile": 1, "full_name": "Francesco Saponaro", "email": "francescosaponaro5@gmail.com", "phone_number": "07716794022", "country": "GB", "postcode": "N1 2EF", "town_or_city": "London", "street_address1": "43 Wakelin House", "street_address2": null, "county": null, "date": "2021-07-29T12:35:49.859Z", "delivery_cost": "2.50", "order_total": "24.99", "grand_total": "27.49", "original_bag": "{\"2\": {\"items_by_size\": {\"xs\": 1}}}", "stripe_pid": "pi_1JIYSbJO3fdzlzXp9Dyv1ErY"}}, {"model": "checkout.order", "pk": 38, "fields": {"order_number": "6AFA244077CE482F9F32F533E3114FAC", "user_profile": 1, "full_name": "francesco sa", "email": "francescosaponaro5@gmail.com", "phone_number": "888", "country": "GB", "postcode": "N1 2EF", "town_or_city": "London", "street_address1": "m km k", "street_address2": null, "county": null, "date": "2021-07-29T12:37:30.856Z", "delivery_cost": "1.00", "order_total": "9.99", "grand_total": "10.99", "original_bag": "{\"14\": 1}", "stripe_pid": "pi_1JIYTnJO3fdzlzXpzVx0PdpV"}}, {"model": "checkout.order", "pk": 39, "fields": {"order_number": "7A5EB48BD7034438872106BB72F4D4E5", "user_profile": 1, "full_name": "Francesco Saponaro", "email": "francescosaponaro5@gmail.com", "phone_number": "07716794022", "country": "GB", "postcode": "N1 2EF", "town_or_city": "London", "street_address1": "43 Wakelin House", "street_address2": null, "county": null, "date": "2021-07-29T12:40:07.170Z", "delivery_cost": "1.60", "order_total": "15.99", "grand_total": "17.59", "original_bag": "{\"10\": {\"items_by_size\": {\"xs\": 1}}}", "stripe_pid": "pi_1JIYWmJO3fdzlzXpx9esXTww"}}, {"model": "checkout.order", "pk": 40, "fields": {"order_number": "16650C198B32415B9016B70D9546AE48", "user_profile": 1, "full_name": "Francesco Saponaro", "email": "francescosaponaro5@gmail.com", "phone_number": "07716794022", "country": "GB", "postcode": "N1 2EF", "town_or_city": "London", "street_address1": "43 Wakelin House", "street_address2": null, "county": null, "date": "2021-07-29T12:44:20.889Z", "delivery_cost": "0.80", "order_total": "7.99", "grand_total": "8.79", "original_bag": "{\"23\": 1}", "stripe_pid": "pi_1JIYaqJO3fdzlzXpoHSDdBAM"}}, {"model": "checkout.order", "pk": 41, "fields": {"order_number": "0F4C16A8332F488296C433A6516FBF0C", "user_profile": 1, "full_name": "Francesco Saponaro", "email": "francescosaponaro5@gmail.com", "phone_number": "07716794022", "country": "GB", "postcode": "N1 2EF", "town_or_city": "London", "street_address1": "43 Wakelin House", "street_address2": null, "county": null, "date": "2021-07-29T12:45:34.267Z", "delivery_cost": "1.60", "order_total": "15.99", "grand_total": "17.59", "original_bag": "{\"10\": {\"items_by_size\": {\"xs\": 1}}}", "stripe_pid": "pi_1JIYbzJO3fdzlzXp4A9S1nGU"}}, {"model": "checkout.order", "pk": 42, "fields": {"order_number": "8696E014F67D4AD6B37F98B9F3404781", "user_profile": 1, "full_name": "Francesco Saponaro", "email": "francescosaponaro5@gmail.com", "phone_number": "07716794022", "country": "GB", "postcode": "N1 2EF", "town_or_city": "London", "street_address1": "43 Wakelin House", "street_address2": null, "county": null, "date": "2021-07-29T12:48:25.723Z", "delivery_cost": "1.60", "order_total": "15.99", "grand_total": "17.59", "original_bag": "{\"9\": {\"items_by_size\": {\"xs\": 1}}}", "stripe_pid": "pi_1JIYemJO3fdzlzXprYMvjFAr"}}, {"model": "checkout.order", "pk": 43, "fields": {"order_number": "746534E139604064B6B74454E948C9EA", "user_profile": null, "full_name": "Francesco Saponaro", "email": "francescosaponaro5@gmail.com", "phone_number": "07716794022", "country": "GB", "postcode": "N1 2EF", "town_or_city": "London", "street_address1": "43 Wakelin House", "street_address2": null, "county": null, "date": "2021-07-29T12:49:52.886Z", "delivery_cost": "0.00", "order_total": "0.00", "grand_total": "0.00", "original_bag": "{\"9\": {\"items_by_size\": {\"xs\": 1}}}", "stripe_pid": "pi_1JIYgCJO3fdzlzXpY3CndHQd"}}, {"model": "checkout.order", "pk": 44, "fields": {"order_number": "9D66F2B9A9D04C7CAACEFAFD5CD40A62", "user_profile": null, "full_name": "Francesco Saponaro", "email": "francescosaponaro5@gmail.com", "phone_number": "07716794022", "country": "GB", "postcode": "N1 2EF", "town_or_city": "London", "street_address1": "43 Wakelin House", "street_address2": null, "county": null, "date": "2021-07-29T12:49:58.065Z", "delivery_cost": "1.60", "order_total": "15.99", "grand_total": "17.59", "original_bag": "{\"9\": {\"items_by_size\": {\"xs\": 1}}}", "stripe_pid": "pi_1JIYgCJO3fdzlzXpY3CndHQd"}}, {"model": "checkout.order", "pk": 45, "fields": {"order_number": "131484B3985544F5B6AACDB6F4B25019", "user_profile": 1, "full_name": "Francesco Saponaro", "email": "francescosaponaro5@gmail.com", "phone_number": "07716794022", "country": "GB", "postcode": "N1 2EF", "town_or_city": "London", "street_address1": "43 Wakelin House", "street_address2": null, "county": null, "date": "2021-07-29T12:50:41.471Z", "delivery_cost": "1.60", "order_total": "15.99", "grand_total": "17.59", "original_bag": "{\"9\": {\"items_by_size\": {\"xs\": 1}}}", "stripe_pid": "pi_1JIYgCJO3fdzlzXpY3CndHQd"}}, {"model": "checkout.order", "pk": 46, "fields": {"order_number": "5BD534CC06644BA699D2E14D881A1716", "user_profile": 1, "full_name": "Francesco Saponaro", "email": "francescosaponaro5@gmail.com", "phone_number": "07716794022", "country": "GB", "postcode": "N1 2EF", "town_or_city": "London", "street_address1": "43 Wakelin House", "street_address2": null, "county": null, "date": "2021-07-29T12:55:14.428Z", "delivery_cost": "2.50", "order_total": "24.99", "grand_total": "27.49", "original_bag": "{\"3\": {\"items_by_size\": {\"xs\": 1}}}", "stripe_pid": "pi_1JIYlNJO3fdzlzXpFkQEtLGS"}}, {"model": "checkout.order", "pk": 47, "fields": {"order_number": "9153C87F706D4F3C9EDBD3CCBE62DB52", "user_profile": 1, "full_name": "Francesco Saponaro", "email": "francescosaponaro5@gmail.com", "phone_number": "07716794022", "country": "GB", "postcode": "N1 2EF", "town_or_city": "London", "street_address1": "43 Wakelin House", "street_address2": null, "county": null, "date": "2021-07-29T12:57:14.646Z", "delivery_cost": "1.60", "order_total": "15.99", "grand_total": "17.59", "original_bag": "{\"10\": {\"items_by_size\": {\"xs\": 1}}}", "stripe_pid": "pi_1JIYnAJO3fdzlzXpZMJp9OU9"}}, {"model": "checkout.order", "pk": 48, "fields": {"order_number": "D9A366E49C0E4D21A40EEB26EFAEA58E", "user_profile": 1, "full_name": "Francesco Saponaro", "email": "francescosaponaro5@gmail.com", "phone_number": "07716794022", "country": "GB", "postcode": "N1 2EF", "town_or_city": "London", "street_address1": "43 Wakelin House", "street_address2": null, "county": null, "date": "2021-07-29T13:39:55.715Z", "delivery_cost": "1.00", "order_total": "9.99", "grand_total": "10.99", "original_bag": "{\"14\": 1}", "stripe_pid": "pi_1JIZSfJO3fdzlzXpG3al7KvP"}}, {"model": "checkout.order", "pk": 49, "fields": {"order_number": "A8018A7A1CBD4E6C9F8750F0CD843D01", "user_profile": 1, "full_name": "Francesco Saponaro", "email": "francescosaponaro5@gmail.com", "phone_number": "07716794022", "country": "GB", "postcode": "N1 2EF", "town_or_city": "London", "street_address1": "43 Wakelin House", "street_address2": null, "county": null, "date": "2021-07-30T05:52:54.147Z", "delivery_cost": "3.20", "order_total": "31.98", "grand_total": "35.18", "original_bag": "{\"10\": {\"items_by_size\": {\"xs\": 2}}}", "stripe_pid": "pi_1JIodzJO3fdzlzXpiw1bzP5r"}}, {"model": "checkout.order", "pk": 50, "fields": {"order_number": "9786BC7769334E07B1AE59536DB8A336", "user_profile": 1, "full_name": "Francesco Saponaro", "email": "francescosaponaro5@gmail.com", "phone_number": "4444", "country": "GB", "postcode": "N1 2EF", "town_or_city": "London", "street_address1": "43 Wakelin House", "street_address2": null, "county": null, "date": "2021-07-30T05:59:35.615Z", "delivery_cost": "2.50", "order_total": "24.99", "grand_total": "27.49", "original_bag": "{\"2\": {\"items_by_size\": {\"xs\": 1}}}", "stripe_pid": "pi_1JIojJJO3fdzlzXptON2gJTm"}}, {"model": "checkout.order", "pk": 51, "fields": {"order_number": "4360EF32DCE74F6E93D12728CB14C675", "user_profile": 1, "full_name": "Francesco Saponaro", "email": "francescosaponaro5@gmail.com", "phone_number": "07716794022", "country": "GB", "postcode": "N1 2EF", "town_or_city": "London", "street_address1": "43 Wakelin House", "street_address2": null, "county": null, "date": "2021-07-30T06:33:06.549Z", "delivery_cost": "2.50", "order_total": "24.99", "grand_total": "27.49", "original_bag": "{\"4\": {\"items_by_size\": {\"xs\": 1}}}", "stripe_pid": "pi_1JIpGuJO3fdzlzXpJn2TUJcE"}}, {"model": "checkout.order", "pk": 52, "fields": {"order_number": "FA90AA07EC7D478C81E01CFBD1B804B2", "user_profile": 1, "full_name": "jnjn jnjn", "email": "francescosaponaro5@gmail.com", "phone_number": "99999", "country": "AD", "postcode": "N1 2EF", "town_or_city": "London", "street_address1": "43 Wakelin House", "street_address2": null, "county": null, "date": "2021-07-30T08:01:39.080Z", "delivery_cost": "1.00", "order_total": "9.99", "grand_total": "10.99", "original_bag": "{\"14\": 1}", "stripe_pid": "pi_1JIqdfJO3fdzlzXpnOvBpAYy"}}, {"model": "checkout.order", "pk": 53, "fields": {"order_number": "12502F33D68D40E78FB09E70BC3BEB1F", "user_profile": null, "full_name": "huhuh uuh", "email": "francescosaponaro5@gmail.com", "phone_number": "9999", "country": "AQ", "postcode": "N1 2EF", "town_or_city": "London", "street_address1": "43 Wakelin House", "street_address2": null, "county": null, "date": "2021-07-30T08:04:56.260Z", "delivery_cost": "1.60", "order_total": "15.99", "grand_total": "17.59", "original_bag": "{\"10\": {\"items_by_size\": {\"xs\": 1}}}", "stripe_pid": "pi_1JIqh7JO3fdzlzXpZfY4HLNK"}}, {"model": "checkout.order", "pk": 54, "fields": {"order_number": "196FE8318D64463580C9779F8114980B", "user_profile": 1, "full_name": "huhuh uuh", "email": "francescosaponaro5@gmail.com", "phone_number": "9999", "country": "AQ", "postcode": "N1 2EF", "town_or_city": "London", "street_address1": "43 Wakelin House", "street_address2": null, "county": null, "date": "2021-07-30T08:04:56.387Z", "delivery_cost": "1.60", "order_total": "15.99", "grand_total": "17.59", "original_bag": "{\"10\": {\"items_by_size\": {\"xs\": 1}}}", "stripe_pid": "pi_1JIqh7JO3fdzlzXpZfY4HLNK"}}, {"model": "checkout.order", "pk": 55, "fields": {"order_number": "71F97E805DEB48319DA469BEC0867F2C", "user_profile": 1, "full_name": "Marie eve", "email": "iol00@mail.com", "phone_number": "01212344444444444444", "country": "AM", "postcode": null, "town_or_city": "pqris", "street_address1": "la rue", "street_address2": "rue dqmboise", "county": null, "date": "2021-07-30T08:29:23.034Z", "delivery_cost": "1.00", "order_total": "9.99", "grand_total": "10.99", "original_bag": "{\"14\": 1}", "stripe_pid": "pi_1JIr04JO3fdzlzXpToYZW1y1"}}, {"model": "checkout.order", "pk": 56, "fields": {"order_number": "8A9642CFFF5C4FF7865DF2098DBCE3DD", "user_profile": 1, "full_name": "Francesco Saponaro", "email": "francescosaponaro5@gmail.com", "phone_number": "07716794022", "country": "GB", "postcode": "N1 2EF", "town_or_city": "London", "street_address1": "43 Wakelin House", "street_address2": null, "county": null, "date": "2021-07-30T13:07:43.584Z", "delivery_cost": "1.00", "order_total": "9.99", "grand_total": "10.99", "original_bag": "{\"12\": 1}", "stripe_pid": "pi_1JIvQZJO3fdzlzXpnaCRCIQc"}}, {"model": "checkout.order", "pk": 57, "fields": {"order_number": "475108E347504EDD97D2E5F081C4C208", "user_profile": 1, "full_name": "Francesco Saponaro", "email": "francescosaponaro5@gmail.com", "phone_number": "07716794022", "country": "GB", "postcode": "N1 2EF", "town_or_city": "London", "street_address1": "43 Wakelin House", "street_address2": null, "county": null, "date": "2021-07-30T13:10:39.185Z", "delivery_cost": "1.60", "order_total": "15.99", "grand_total": "17.59", "original_bag": "{\"10\": {\"items_by_size\": {\"xs\": 1}}}", "stripe_pid": "pi_1JIvTVJO3fdzlzXpHhg7RbUw"}}, {"model": "checkout.order", "pk": 58, "fields": {"order_number": "3D41EBA237F946AC8E9B0F67797A7A17", "user_profile": 1, "full_name": "Francesco Saponaro", "email": "francescosaponaro5@gmail.com", "phone_number": "07716794022", "country": "GB", "postcode": "N1 2EF", "town_or_city": "London", "street_address1": "43 Wakelin House", "street_address2": null, "county": null, "date": "2021-07-30T13:17:46.906Z", "delivery_cost": "1.60", "order_total": "15.99", "grand_total": "17.59", "original_bag": "{\"9\": {\"items_by_size\": {\"xs\": 1}}}", "stripe_pid": "pi_1JIvaaJO3fdzlzXpKUxXnLN4"}}, {"model": "checkout.order", "pk": 59, "fields": {"order_number": "F925F1BFAFAE49DEBAEBFB080B0A39E6", "user_profile": 1, "full_name": "Francesco Saponaro", "email": "francescosaponaro5@gmail.com", "phone_number": "07716794022", "country": "GB", "postcode": "N1 2EF", "town_or_city": "London", "street_address1": "43 Wakelin House", "street_address2": null, "county": null, "date": "2021-07-30T13:26:42.310Z", "delivery_cost": "1.00", "order_total": "9.99", "grand_total": "10.99", "original_bag": "{\"14\": 1}", "stripe_pid": "pi_1JIvjMJO3fdzlzXpVR0Csepa"}}, {"model": "checkout.order", "pk": 60, "fields": {"order_number": "4D90D7F42D5941108AF0A0D290B3BB95", "user_profile": 1, "full_name": "Francesco Saponaro", "email": "francescosaponaro5@gmail.com", "phone_number": "07716794022", "country": "GB", "postcode": "N1 2EF", "town_or_city": "London", "street_address1": "43 Wakelin House", "street_address2": null, "county": null, "date": "2021-07-30T14:17:54.279Z", "delivery_cost": "2.60", "order_total": "25.98", "grand_total": "28.58", "original_bag": "{\"14\": 1, \"10\": {\"items_by_size\": {\"xs\": 1}}}", "stripe_pid": "pi_1JIwWeJO3fdzlzXpz1XSUCDP"}}, {"model": "checkout.order", "pk": 61, "fields": {"order_number": "0894683406CC4F6BA5E5AF8971728286", "user_profile": 1, "full_name": "Francesco Saponaro", "email": "francescosaponaro5@gmail.com", "phone_number": "07716794022", "country": "GB", "postcode": "N1 2EF", "town_or_city": "London", "street_address1": "43 Wakelin House", "street_address2": null, "county": null, "date": "2021-07-30T14:26:33.151Z", "delivery_cost": "1.60", "order_total": "15.99", "grand_total": "17.59", "original_bag": "{\"9\": {\"items_by_size\": {\"xs\": 1}}}", "stripe_pid": "pi_1JIwfJJO3fdzlzXpQdrJEzvX"}}, {"model": "checkout.order", "pk": 62, "fields": {"order_number": "F71CF43255474E58BA00B2D663A67EB7", "user_profile": 1, "full_name": "Francesco Saponaro", "email": "francescosaponaro5@gmail.com", "phone_number": "07716794022", "country": "GB", "postcode": "N1 2EF", "town_or_city": "London", "street_address1": "43 Wakelin House", "street_address2": null, "county": null, "date": "2021-07-30T14:28:30.266Z", "delivery_cost": "1.00", "order_total": "9.99", "grand_total": "10.99", "original_bag": "{\"14\": 1}", "stripe_pid": "pi_1JIwhEJO3fdzlzXpQHaTdcOL"}}, {"model": "checkout.order", "pk": 63, "fields": {"order_number": "2FAB488525D04F1C92B5C4B6AC8D0359", "user_profile": 1, "full_name": "Francesco Saponaro", "email": "francescosaponaro5@gmail.com", "phone_number": "07716794022", "country": "GB", "postcode": "N1 2EF", "town_or_city": "London", "street_address1": "43 Wakelin House", "street_address2": null, "county": null, "date": "2021-07-30T14:38:00.261Z", "delivery_cost": "2.50", "order_total": "24.99", "grand_total": "27.49", "original_bag": "{\"4\": {\"items_by_size\": {\"xs\": 1}}}", "stripe_pid": "pi_1JIwqPJO3fdzlzXp4SszwLos"}}, {"model": "checkout.order", "pk": 64, "fields": {"order_number": "B94550FAF1304111A29665E1C73B5698", "user_profile": 1, "full_name": "Francesco Saponaro", "email": "francescosaponaro5@gmail.com", "phone_number": "07716794022", "country": "AL", "postcode": "N1 2EF", "town_or_city": "London", "street_address1": "43 Wakelin House", "street_address2": null, "county": null, "date": "2021-07-30T14:49:51.209Z", "delivery_cost": "1.60", "order_total": "15.99", "grand_total": "17.59", "original_bag": "{\"9\": {\"items_by_size\": {\"xs\": 1}}}", "stripe_pid": "pi_1JIx1fJO3fdzlzXpXUq5YA8w"}}, {"model": "checkout.order", "pk": 65, "fields": {"order_number": "8929C56CB9D4468EB8FC326F6EB72933", "user_profile": null, "full_name": "francesco saponaro", "email": "francescosaponaro5@gmail.com", "phone_number": "07716794022", "country": "GB", "postcode": "N1 2EF", "town_or_city": "London", "street_address1": "43 Wakelin House", "street_address2": null, "county": null, "date": "2021-07-30T16:53:52.306Z", "delivery_cost": "1.60", "order_total": "15.99", "grand_total": "17.59", "original_bag": "{\"9\": {\"items_by_size\": {\"xs\": 1}}}", "stripe_pid": "pi_1JIyxRJO3fdzlzXpOe1UisT1"}}, {"model": "checkout.order", "pk": 66, "fields": {"order_number": "60FB8053BF4349BE814F20DB07C9695F", "user_profile": 1, "full_name": "Francesco Saponaro", "email": "francescosaponaro5@gmail.com", "phone_number": "07716794022", "country": "AL", "postcode": "N1 2EF", "town_or_city": "London", "street_address1": "43 Wakelin House", "street_address2": null, "county": null, "date": "2021-08-01T13:17:35.122Z", "delivery_cost": "1.60", "order_total": "15.99", "grand_total": "17.59", "original_bag": "{\"10\": {\"items_by_size\": {\"xs\": 1}}}", "stripe_pid": "pi_3JJeXSJO3fdzlzXp0VUIEN5y"}}, {"model": "checkout.order", "pk": 67, "fields": {"order_number": "A5F827779B234AFA9E56E1B7D2BBCE41", "user_profile": 1, "full_name": "Francesco Saponaro", "email": "francescosaponaro5@gmail.com", "phone_number": "07716794022", "country": "GB", "postcode": "N1 2EF", "town_or_city": "London", "street_address1": "43 Wakelin House", "street_address2": null, "county": null, "date": "2021-08-06T07:41:41.087Z", "delivery_cost": "1.60", "order_total": "15.99", "grand_total": "17.59", "original_bag": "{\"10\": {\"items_by_size\": {\"xs\": 1}}}", "stripe_pid": "pi_3JLNgLJO3fdzlzXp13B7qlnT"}}, {"model": "checkout.order", "pk": 68, "fields": {"order_number": "A59B865A83344917936599A78503B490", "user_profile": 1, "full_name": "francesco saponaro", "email": "francescosaponaro5@gmail.com", "phone_number": "07716794022", "country": "GB", "postcode": "N1 2EF", "town_or_city": "London", "street_address1": "43 Wakelin House", "street_address2": null, "county": null, "date": "2021-08-06T09:16:55.944Z", "delivery_cost": "3.20", "order_total": "31.98", "grand_total": "35.18", "original_bag": "{\"9\": {\"items_by_size\": {\"m\": 2}}}", "stripe_pid": "pi_3JLP9LJO3fdzlzXp1apVMQcI"}}, {"model": "checkout.order", "pk": 69, "fields": {"order_number": "FA011392A393470DAB8F2D5326EEF6E2", "user_profile": 2, "full_name": "marie carlotti", "email": "test@test.com", "phone_number": "07716794022", "country": "GB", "postcode": "N1 2EF", "town_or_city": "London", "street_address1": "43 Wakelin House", "street_address2": null, "county": null, "date": "2021-08-06T15:04:15.656Z", "delivery_cost": "0.00", "order_total": "79.97", "grand_total": "79.97", "original_bag": "{\"28\": 1, \"6\": {\"items_by_size\": {\"xs\": 2}}}", "stripe_pid": "pi_3JLUaYJO3fdzlzXp0ANuRQfl"}}, {"model": "checkout.order", "pk": 70, "fields": {"order_number": "B1043357139F4D218F318D09A6376E28", "user_profile": 2, "full_name": "marie carlotti", "email": "test@test.com", "phone_number": "07716794022", "country": "GB", "postcode": "N1 2EF", "town_or_city": "London", "street_address1": "43 Wakelin House", "street_address2": null, "county": null, "date": "2021-08-06T15:13:13.022Z", "delivery_cost": "2.50", "order_total": "24.99", "grand_total": "27.49", "original_bag": "{\"2\": {\"items_by_size\": {\"xs\": 1}}}", "stripe_pid": "pi_3JLUj6JO3fdzlzXp1qvyQHOH"}}, {"model": "checkout.order", "pk": 71, "fields": {"order_number": "5699440D64B14FB89827C2AF04E69A5F", "user_profile": 2, "full_name": "dedede deded", "email": "test@test.com", "phone_number": "07716794022", "country": "GB", "postcode": "N1 2EF", "town_or_city": "London", "street_address1": "43 Wakelin House", "street_address2": null, "county": null, "date": "2021-08-07T14:46:57.991Z", "delivery_cost": "3.20", "order_total": "31.98", "grand_total": "35.18", "original_bag": "{\"10\": {\"items_by_size\": {\"xs\": 1, \"m\": 1}}}", "stripe_pid": "pi_3JLqnNJO3fdzlzXp0gzzvMdu"}}, {"model": "checkout.order", "pk": 72, "fields": {"order_number": "36C550CF9F70491AA6CFC55E1AF15F72", "user_profile": 1, "full_name": "Francesco Saponaro", "email": "francescosaponaro5@gmail.com", "phone_number": "07716794022", "country": "GB", "postcode": "N1 2EF", "town_or_city": "London", "street_address1": "43 Wakelin House", "street_address2": null, "county": null, "date": "2021-08-07T15:59:47.690Z", "delivery_cost": "3.20", "order_total": "31.98", "grand_total": "35.18", "original_bag": "{\"10\": {\"items_by_size\": {\"xs\": 1, \"m\": 1}}}", "stripe_pid": "pi_3JLrvtJO3fdzlzXp0IN1F7aq"}}, {"model": "checkout.order", "pk": 73, "fields": {"order_number": "77AC5AEC7E854828B2D446F44E95C972", "user_profile": 1, "full_name": "Francesco Saponaro", "email": "francescosaponaro5@gmail.com", "phone_number": "07716794022", "country": "GB", "postcode": "N1 2EF", "town_or_city": "London", "street_address1": "43 Wakelin House", "street_address2": null, "county": null, "date": "2021-08-07T16:09:14.380Z", "delivery_cost": "1.00", "order_total": "9.99", "grand_total": "10.99", "original_bag": "{\"12\": 1}", "stripe_pid": "pi_3JLs56JO3fdzlzXp0MSIqIn7"}}, {"model": "checkout.order", "pk": 74, "fields": {"order_number": "753D1D047EBC4BC4AE59FE18D1A6C886", "user_profile": 1, "full_name": "Francesco Saponaro", "email": "francescosaponaro5@gmail.com", "phone_number": "07716794022", "country": "GB", "postcode": "N1 2EF", "town_or_city": "London", "street_address1": "43 Wakelin Hous", "street_address2": null, "county": null, "date": "2021-08-07T16:24:22.217Z", "delivery_cost": "1.60", "order_total": "15.99", "grand_total": "17.59", "original_bag": "{\"10\": {\"items_by_size\": {\"xs\": 1}}}", "stripe_pid": "pi_3JLsJkJO3fdzlzXp1VSj3Ewn"}}, {"model": "checkout.orderlineitem", "pk": 1, "fields": {"order": 1, "product": 12, "product_size": null, "quantity": 5, "lineitem_total": "49.95"}}, {"model": "checkout.orderlineitem", "pk": 2, "fields": {"order": 1, "product": 8, "product_size": "m", "quantity": 5, "lineitem_total": "79.95"}}, {"model": "checkout.orderlineitem", "pk": 3, "fields": {"order": 2, "product": 12, "product_size": null, "quantity": 5, "lineitem_total": "49.95"}}, {"model": "checkout.orderlineitem", "pk": 4, "fields": {"order": 2, "product": 8, "product_size": "m", "quantity": 5, "lineitem_total": "79.95"}}, {"model": "checkout.orderlineitem", "pk": 5, "fields": {"order": 3, "product": 12, "product_size": null, "quantity": 5, "lineitem_total": "49.95"}}, {"model": "checkout.orderlineitem", "pk": 6, "fields": {"order": 3, "product": 8, "product_size": "m", "quantity": 5, "lineitem_total": "79.95"}}, {"model": "checkout.orderlineitem", "pk": 7, "fields": {"order": 4, "product": 12, "product_size": null, "quantity": 5, "lineitem_total": "49.95"}}, {"model": "checkout.orderlineitem", "pk": 8, "fields": {"order": 4, "product": 8, "product_size": "m", "quantity": 5, "lineitem_total": "79.95"}}, {"model": "checkout.orderlineitem", "pk": 11, "fields": {"order": 6, "product": 2, "product_size": "xs", "quantity": 1, "lineitem_total": "24.99"}}, {"model": "checkout.orderlineitem", "pk": 12, "fields": {"order": 7, "product": 3, "product_size": "xs", "quantity": 1, "lineitem_total": "24.99"}}, {"model": "checkout.orderlineitem", "pk": 13, "fields": {"order": 7, "product": 9, "product_size": "xs", "quantity": 1, "lineitem_total": "15.99"}}, {"model": "checkout.orderlineitem", "pk": 14, "fields": {"order": 8, "product": 9, "product_size": "xs", "quantity": 1, "lineitem_total": "15.99"}}, {"model": "checkout.orderlineitem", "pk": 15, "fields": {"order": 9, "product": 8, "product_size": "xs", "quantity": 1, "lineitem_total": "15.99"}}, {"model": "checkout.orderlineitem", "pk": 16, "fields": {"order": 10, "product": 8, "product_size": "xs", "quantity": 1, "lineitem_total": "15.99"}}, {"model": "checkout.orderlineitem", "pk": 17, "fields": {"order": 11, "product": 10, "product_size": "xs", "quantity": 4, "lineitem_total": "63.96"}}, {"model": "checkout.orderlineitem", "pk": 18, "fields": {"order": 12, "product": 3, "product_size": "xs", "quantity": 1, "lineitem_total": "24.99"}}, {"model": "checkout.orderlineitem", "pk": 19, "fields": {"order": 13, "product": 10, "product_size": "xs", "quantity": 1, "lineitem_total": "15.99"}}, {"model": "checkout.orderlineitem", "pk": 20, "fields": {"order": 14, "product": 9, "product_size": "xs", "quantity": 1, "lineitem_total": "15.99"}}, {"model": "checkout.orderlineitem", "pk": 22, "fields": {"order": 15, "product": 8, "product_size": "xs", "quantity": 1, "lineitem_total": "15.99"}}, {"model": "checkout.orderlineitem", "pk": 23, "fields": {"order": 15, "product": 29, "product_size": null, "quantity": 1, "lineitem_total": "29.99"}}, {"model": "checkout.orderlineitem", "pk": 24, "fields": {"order": 16, "product": 10, "product_size": "xs", "quantity": 1, "lineitem_total": "15.99"}}, {"model": "checkout.orderlineitem", "pk": 25, "fields": {"order": 17, "product": 9, "product_size": "xs", "quantity": 1, "lineitem_total": "15.99"}}, {"model": "checkout.orderlineitem", "pk": 27, "fields": {"order": 19, "product": 9, "product_size": "xs", "quantity": 1, "lineitem_total": "15.99"}}, {"model": "checkout.orderlineitem", "pk": 28, "fields": {"order": 19, "product": 22, "product_size": null, "quantity": 1, "lineitem_total": "7.99"}}, {"model": "checkout.orderlineitem", "pk": 29, "fields": {"order": 20, "product": 9, "product_size": "xs", "quantity": 1, "lineitem_total": "15.99"}}, {"model": "checkout.orderlineitem", "pk": 30, "fields": {"order": 20, "product": 22, "product_size": null, "quantity": 1, "lineitem_total": "7.99"}}, {"model": "checkout.orderlineitem", "pk": 31, "fields": {"order": 21, "product": 10, "product_size": "xs", "quantity": 1, "lineitem_total": "15.99"}}, {"model": "checkout.orderlineitem", "pk": 32, "fields": {"order": 22, "product": 10, "product_size": "xs", "quantity": 1, "lineitem_total": "15.99"}}, {"model": "checkout.orderlineitem", "pk": 33, "fields": {"order": 23, "product": 30, "product_size": null, "quantity": 1, "lineitem_total": "14.99"}}, {"model": "checkout.orderlineitem", "pk": 34, "fields": {"order": 24, "product": 10, "product_size": "xs", "quantity": 1, "lineitem_total": "15.99"}}, {"model": "checkout.orderlineitem", "pk": 35, "fields": {"order": 25, "product": 9, "product_size": "xs", "quantity": 1, "lineitem_total": "15.99"}}, {"model": "checkout.orderlineitem", "pk": 36, "fields": {"order": 26, "product": 13, "product_size": null, "quantity": 1, "lineitem_total": "9.99"}}, {"model": "checkout.orderlineitem", "pk": 37, "fields": {"order": 27, "product": 9, "product_size": "xs", "quantity": 1, "lineitem_total": "15.99"}}, {"model": "checkout.orderlineitem", "pk": 38, "fields": {"order": 28, "product": 9, "product_size": "xs", "quantity": 1, "lineitem_total": "15.99"}}, {"model": "checkout.orderlineitem", "pk": 39, "fields": {"order": 29, "product": 14, "product_size": null, "quantity": 1, "lineitem_total": "9.99"}}, {"model": "checkout.orderlineitem", "pk": 40, "fields": {"order": 30, "product": 3, "product_size": "xs", "quantity": 1, "lineitem_total": "24.99"}}, {"model": "checkout.orderlineitem", "pk": 41, "fields": {"order": 30, "product": 9, "product_size": "xs", "quantity": 1, "lineitem_total": "15.99"}}, {"model": "checkout.orderlineitem", "pk": 42, "fields": {"order": 30, "product": 1, "product_size": "m", "quantity": 2, "lineitem_total": "49.98"}}, {"model": "checkout.orderlineitem", "pk": 43, "fields": {"order": 31, "product": 1, "product_size": "m", "quantity": 2, "lineitem_total": "49.98"}}, {"model": "checkout.orderlineitem", "pk": 44, "fields": {"order": 31, "product": 14, "product_size": null, "quantity": 1, "lineitem_total": "9.99"}}, {"model": "checkout.orderlineitem", "pk": 45, "fields": {"order": 32, "product": 9, "product_size": "xs", "quantity": 1, "lineitem_total": "15.99"}}, {"model": "checkout.orderlineitem", "pk": 46, "fields": {"order": 33, "product": 13, "product_size": null, "quantity": 1, "lineitem_total": "9.99"}}, {"model": "checkout.orderlineitem", "pk": 47, "fields": {"order": 34, "product": 3, "product_size": "xs", "quantity": 1, "lineitem_total": "24.99"}}, {"model": "checkout.orderlineitem", "pk": 48, "fields": {"order": 35, "product": 9, "product_size": "xs", "quantity": 1, "lineitem_total": "15.99"}}, {"model": "checkout.orderlineitem", "pk": 50, "fields": {"order": 37, "product": 2, "product_size": "xs", "quantity": 1, "lineitem_total": "24.99"}}, {"model": "checkout.orderlineitem", "pk": 51, "fields": {"order": 38, "product": 14, "product_size": null, "quantity": 1, "lineitem_total": "9.99"}}, {"model": "checkout.orderlineitem", "pk": 52, "fields": {"order": 39, "product": 10, "product_size": "xs", "quantity": 1, "lineitem_total": "15.99"}}, {"model": "checkout.orderlineitem", "pk": 53, "fields": {"order": 40, "product": 23, "product_size": null, "quantity": 1, "lineitem_total": "7.99"}}, {"model": "checkout.orderlineitem", "pk": 54, "fields": {"order": 41, "product": 10, "product_size": "xs", "quantity": 1, "lineitem_total": "15.99"}}, {"model": "checkout.orderlineitem", "pk": 55, "fields": {"order": 42, "product": 9, "product_size": "xs", "quantity": 1, "lineitem_total": "15.99"}}, {"model": "checkout.orderlineitem", "pk": 56, "fields": {"order": 44, "product": 9, "product_size": "xs", "quantity": 1, "lineitem_total": "15.99"}}, {"model": "checkout.orderlineitem", "pk": 57, "fields": {"order": 45, "product": 9, "product_size": "xs", "quantity": 1, "lineitem_total": "15.99"}}, {"model": "checkout.orderlineitem", "pk": 58, "fields": {"order": 46, "product": 3, "product_size": "xs", "quantity": 1, "lineitem_total": "24.99"}}, {"model": "checkout.orderlineitem", "pk": 59, "fields": {"order": 47, "product": 10, "product_size": "xs", "quantity": 1, "lineitem_total": "15.99"}}, {"model": "checkout.orderlineitem", "pk": 60, "fields": {"order": 48, "product": 14, "product_size": null, "quantity": 1, "lineitem_total": "9.99"}}, {"model": "checkout.orderlineitem", "pk": 61, "fields": {"order": 49, "product": 10, "product_size": "xs", "quantity": 2, "lineitem_total": "31.98"}}, {"model": "checkout.orderlineitem", "pk": 62, "fields": {"order": 50, "product": 2, "product_size": "xs", "quantity": 1, "lineitem_total": "24.99"}}, {"model": "checkout.orderlineitem", "pk": 63, "fields": {"order": 51, "product": 4, "product_size": "xs", "quantity": 1, "lineitem_total": "24.99"}}, {"model": "checkout.orderlineitem", "pk": 64, "fields": {"order": 52, "product": 14, "product_size": null, "quantity": 1, "lineitem_total": "9.99"}}, {"model": "checkout.orderlineitem", "pk": 65, "fields": {"order": 53, "product": 10, "product_size": "xs", "quantity": 1, "lineitem_total": "15.99"}}, {"model": "checkout.orderlineitem", "pk": 66, "fields": {"order": 54, "product": 10, "product_size": "xs", "quantity": 1, "lineitem_total": "15.99"}}, {"model": "checkout.orderlineitem", "pk": 67, "fields": {"order": 55, "product": 14, "product_size": null, "quantity": 1, "lineitem_total": "9.99"}}, {"model": "checkout.orderlineitem", "pk": 68, "fields": {"order": 56, "product": 12, "product_size": null, "quantity": 1, "lineitem_total": "9.99"}}, {"model": "checkout.orderlineitem", "pk": 69, "fields": {"order": 57, "product": 10, "product_size": "xs", "quantity": 1, "lineitem_total": "15.99"}}, {"model": "checkout.orderlineitem", "pk": 70, "fields": {"order": 58, "product": 9, "product_size": "xs", "quantity": 1, "lineitem_total": "15.99"}}, {"model": "checkout.orderlineitem", "pk": 71, "fields": {"order": 59, "product": 14, "product_size": null, "quantity": 1, "lineitem_total": "9.99"}}, {"model": "checkout.orderlineitem", "pk": 72, "fields": {"order": 60, "product": 14, "product_size": null, "quantity": 1, "lineitem_total": "9.99"}}, {"model": "checkout.orderlineitem", "pk": 73, "fields": {"order": 60, "product": 10, "product_size": "xs", "quantity": 1, "lineitem_total": "15.99"}}, {"model": "checkout.orderlineitem", "pk": 74, "fields": {"order": 61, "product": 9, "product_size": "xs", "quantity": 1, "lineitem_total": "15.99"}}, {"model": "checkout.orderlineitem", "pk": 75, "fields": {"order": 62, "product": 14, "product_size": null, "quantity": 1, "lineitem_total": "9.99"}}, {"model": "checkout.orderlineitem", "pk": 76, "fields": {"order": 63, "product": 4, "product_size": "xs", "quantity": 1, "lineitem_total": "24.99"}}, {"model": "checkout.orderlineitem", "pk": 77, "fields": {"order": 64, "product": 9, "product_size": "xs", "quantity": 1, "lineitem_total": "15.99"}}, {"model": "checkout.orderlineitem", "pk": 78, "fields": {"order": 65, "product": 9, "product_size": "xs", "quantity": 1, "lineitem_total": "15.99"}}, {"model": "checkout.orderlineitem", "pk": 79, "fields": {"order": 66, "product": 10, "product_size": "xs", "quantity": 1, "lineitem_total": "15.99"}}, {"model": "checkout.orderlineitem", "pk": 80, "fields": {"order": 67, "product": 10, "product_size": "xs", "quantity": 1, "lineitem_total": "15.99"}}, {"model": "checkout.orderlineitem", "pk": 81, "fields": {"order": 68, "product": 9, "product_size": "m", "quantity": 2, "lineitem_total": "31.98"}}, {"model": "checkout.orderlineitem", "pk": 82, "fields": {"order": 69, "product": 28, "product_size": null, "quantity": 1, "lineitem_total": "29.99"}}, {"model": "checkout.orderlineitem", "pk": 83, "fields": {"order": 69, "product": 6, "product_size": "xs", "quantity": 2, "lineitem_total": "49.98"}}, {"model": "checkout.orderlineitem", "pk": 84, "fields": {"order": 70, "product": 2, "product_size": "xs", "quantity": 1, "lineitem_total": "24.99"}}, {"model": "checkout.orderlineitem", "pk": 85, "fields": {"order": 71, "product": 10, "product_size": "xs", "quantity": 1, "lineitem_total": "15.99"}}, {"model": "checkout.orderlineitem", "pk": 86, "fields": {"order": 71, "product": 10, "product_size": "m", "quantity": 1, "lineitem_total": "15.99"}}, {"model": "checkout.orderlineitem", "pk": 87, "fields": {"order": 72, "product": 10, "product_size": "xs", "quantity": 1, "lineitem_total": "15.99"}}, {"model": "checkout.orderlineitem", "pk": 88, "fields": {"order": 72, "product": 10, "product_size": "m", "quantity": 1, "lineitem_total": "15.99"}}, {"model": "checkout.orderlineitem", "pk": 89, "fields": {"order": 73, "product": 12, "product_size": null, "quantity": 1, "lineitem_total": "9.99"}}, {"model": "checkout.orderlineitem", "pk": 90, "fields": {"order": 74, "product": 10, "product_size": "xs", "quantity": 1, "lineitem_total": "15.99"}}, {"model": "profiles.userprofile", "pk": 1, "fields": {"user": 1, "default_phone_number": "07716794022", "default_street_address1": "43 Wakelin Hous", "default_street_address2": null, "default_town_or_city": "London", "default_county": null, "default_postcode": "N1 2EF", "default_country": "GB"}}, {"model": "profiles.userprofile", "pk": 2, "fields": {"user": 2, "default_phone_number": "07716794022", "default_street_address1": "43 Wakelin House", "default_street_address2": null, "default_town_or_city": "London", "default_county": null, "default_postcode": "N1 2EF", "default_country": "GB"}}]